Unnamed: 0,Area,Province,Author,Sample,Unique_Id,Flow,Rock Type,Rock_Name,Sample_Comment,Age,Uncertainty,Material,Latitude,Longditude,SiO2,TiO2,Al2O3,FeO,CaO,MgO,MnO,K2O,Na2O,P2O5,H2O,LOI,Li,Sc,Ti,V ,Cr,Co,Ni,Cu,Zn,Ga,Rb,Sr,Y ,Zr,Nb,Sn,Cs,Ba,La,Ce,Pr,Nd,Sm,Eu,Gd,Tb,Dy,Ho,Er,Tm,Yb,Lu,Hf,Ta,Tl,Pb,Th,U ,87Sr/86Sr,143Nd/144Nd,206Pb/204Pb,207Pb/206Pb,208Pb/204Pb,Region,src_FeIII_totFe,Fe2O3,Cr2O3,NiO,CoO,CO2,FeO_tot,Total,SiO2_primary_wt,Al2O3_primary_wt,FeO_primary_wt,Fe2O3_primary_wt,MgO_primary_wt,CaO_primary_wt,Na2O_primary_wt,K2O_primary_wt,TiO2_primary_wt,MnO_primary_wt,Cr2O3_primary_wt,P2O5_primary_wt,NiO_primary_wt,CoO_primary_wt,H2O_primary_wt,CO2_primary_wt,ol_added,P,T,P_err,T_err,Fit_Tp
135,Arabia,Harrat_Rahat,Camp_1989,4226,Shawahit,OTB,0.0,0.0,0.0,8.49,0.88,K-Ar,22.65,40.32,47.7456152632425,1.0524090701583855,16.431481232547135,8.377374765971503,11.397788798389472,9.034832583022665,0.16878258688290276,0.31770839883840524,2.869303974027852,0.14892581195550245,0.327566890126794,0.0,0.0,29.0,0.0,202.0,391.0,0.0,218.0,126.0,74.0,15.0,4.0,266.0,20.0,99.0,7.0,0.0,0.0,65.0,6.72,16.48,1.84,9.53,2.55,0.96,2.91,0.0,3.22,0.71,2.11,0.0,1.88,0.29,0.0,0.0,0.0,0.0,0.0,0.0,0.0,0.0,0.0,0.0,0.0,0.0,0.18,2.043845195862402,0.05679604391512287,0.027569385059351727,0.0,0.0,10.27972028,99.99999999999999,46.7824377073539,14.214112655545543,8.757118202009758,1.7680357268667426,14.320091705777244,9.859698691285244,2.482101847826788,0.2748348069653639,0.9103902972130502,0.14600599120034946,0.049131624542757206,0.12882881576501423,0.023848996906105067,0.0,0.28336293074213614,0.0,0.1266375545851529,1.9446846338954782,1410.7261251209338,0.24,39.0,True
138,Arabia,Harrat_Rahat,Camp_1989,4204,Shawahit,OTB,0.0,0.0,0.0,8.66,0.77,K-Ar,23.12,40.62,47.49735375531369,1.4669466524152774,15.591264073466823,8.737253201179508,11.021923494058578,9.029651350896037,0.16850062910761238,0.5550608948917282,3.023099519248296,0.20814783595646233,0.4899342128276677,0.0,0.0,27.0,0.0,202.0,353.0,0.0,222.0,103.0,74.0,16.0,8.0,382.0,19.0,109.0,19.0,0.0,0.0,98.0,10.68,24.69,2.3,13.11,3.3,1.21,3.49,0.0,3.3,0.74,1.96,0.0,1.7,0.27,0.0,0.0,0.0,0.0,0.0,0.0,0.0,0.0,0.0,0.0,0.0,0.0,0.18,2.1316454711804007,0.05119056489480122,0.02802834456313325,0.0,0.0,10.73926074,100.00000000000001,46.41880365432853,13.160936987087046,9.144731637441868,1.7993699287511686,15.115243191998115,9.30385374131786,2.5518663586892276,0.4685393966290408,1.2382826924669494,0.14223517423091814,0.04321110820388176,0.17570227404995817,0.023659356605698064,0.0,0.4135644981997443,0.0,0.1449337323642583,2.1268834902133182,1407.8203037892654,0.24,39.0,True
145,Arabia,Harrat_Rahat,Camp_1989,4149,Shawahit,OTB,0.0,0.0,0.0,2.1,0.46,K-Ar,23.87,40.26,46.89446208830383,1.8726245890407098,15.394945312268469,8.978939231291454,10.60496872519985,9.579953162237995,0.16755062081155694,0.6307788090444079,2.8187928026073212,0.24639797219000895,0.5418124254228208,0.0,0.0,28.0,0.0,250.0,353.0,0.0,214.0,106.0,82.0,17.0,6.0,416.0,21.0,143.0,17.0,0.0,0.0,59.0,10.96,27.32,3.22,15.12,3.83,1.42,4.03,0.0,3.55,0.71,2.2,0.0,1.71,0.26,0.0,0.0,0.0,0.0,0.0,0.0,0.0,0.0,0.0,0.0,0.0,0.0,0.18,2.1906101045352115,0.05116129272918965,0.027002864317169743,0.0,0.0,11.0426399,100.0,45.92843253680469,13.034254325609426,9.329248152649727,1.8546976719694825,15.493123899528582,8.978782105138961,2.3865536080275556,0.5340539543026371,1.5854726765735996,0.14185808132304287,0.04331612016366104,0.20861482582076002,0.022862192355397944,0.0,0.4587298497324593,0.0,0.14273467638234041,2.2297037660428614,1413.829543789464,0.24,39.0,True
278,Arabia,Harrat_Rahat,Murcia_2017,HM-163-1,Medinah,BASALT,SAUDI ARABIA / Harrat_Rahat / Halat Khamisah,0.0,0.0,0.0008,0.0,Historic,24.29761,39.85303,45.54845243977075,2.326778530112904,15.471566331389244,10.068403826506845,11.089970399283215,8.702756061158535,0.18130741808541861,0.4331232762068386,2.8908460523842163,0.24174322411389146,0.5156584418824857,-0.05,0.0,32.0,0.0,294.0,299.0,61.0,174.0,121.0,61.0,20.0,6.0,455.0,22.0,141.0,9.0,0.0,0.0,67.0,10.0,26.0,3.6,16.0,4.3,1.6,4.8,0.7,4.2,0.8,2.3,0.3,1.9,0.3,3.4,0.6,0.0,1.2,0.6,0.3,0.0,0.0,0.0,0.0,0.0,88.0,0.18,2.456409002304223,0.043336966772687856,0.021956637290271256,0.007691392738474695,0.0,12.38191976,100.00000000000001,44.30285839870082,11.688132498840286,10.542898419966996,1.8557160455064219,18.19917671977975,8.378016850954479,2.1839153819522856,0.32720683427938047,1.7577855514370848,0.13697030282613387,0.032739297294634734,0.1826270704348455,0.016587337078922924,0.005810531106053705,0.38955875984192145,0.0,0.21905505661850852,2.916104621890691,1501.4310139908766,0.24,39.0,True
279,Arabia,Harrat_Rahat,Murcia_2017,HM-164-1,Medinah,BASALT,SAUDI ARABIA / Harrat_Rahat / Five Fingers,0.0,0.0,0.025,0.01,Stratigraphic,24.2925,39.84914,45.23715021962534,2.418179132320889,15.460157800689455,10.022391303682287,11.32193493905975,8.731751428850714,0.18212227827070765,0.4654235990336884,2.8532490183094597,0.25294760771786273,0.5353848599493833,0.41,0.0,30.0,0.0,291.0,300.0,62.0,181.0,113.0,60.0,20.0,4.0,472.0,22.0,148.0,10.0,0.0,0.0,53.0,11.0,27.0,3.8,17.0,4.4,1.6,4.8,0.7,4.4,0.8,2.3,0.3,1.8,0.3,3.7,0.7,0.0,1.3,0.6,0.3,0.0,0.0,0.0,0.0,0.0,88.0,0.18,2.4451832333310506,0.04347325062788993,0.022835403593646636,0.007815924937849949,0.0,12.32778855,99.99999999999994,44.086957909559146,11.738042961765272,10.494375105288858,1.8564924247376027,18.079246794606785,8.59611916244914,2.166314211620618,0.35337040354356564,1.8359897040094233,0.13827537559421263,0.03300683538527685,0.1920491320169841,0.01733765928440387,0.005934199630376584,0.406488120508335,0.0,0.21599372794982374,2.953678664662711,1501.0932509797008,0.24,39.0,True
280,Arabia,Harrat_Rahat,Murcia_2017,HM-165-1,Medinah,BASALT,SAUDI ARABIA / Harrat_Rahat / Five Fingers,0.0,0.0,0.025,0.01,Stratigraphic,24.28919,39.84678,45.65772161347351,2.4457703785809493,15.386301357970805,10.208485185697166,10.905730209047393,8.50005443067313,0.19044933238851983,0.43101691082092985,2.946952833070014,0.2505912272445322,0.5156525944644057,-0.52,0.0,31.0,0.0,312.0,291.0,61.0,165.0,124.0,62.0,19.0,6.0,458.0,22.0,145.0,10.0,0.0,0.0,60.0,10.0,26.0,3.5,16.0,4.0,1.5,4.9,0.7,4.5,0.8,2.3,0.3,1.9,0.3,3.4,0.7,0.0,1.2,0.6,0.2,0.0,0.0,0.0,0.0,0.0,88.0,0.18,2.4905849370104,0.04217697098694809,0.020820713051006308,0.0076913055202982705,0.0,12.55433135,100.0,44.305406760891536,11.405006679510338,10.70653762372543,1.8461316453922367,18.574753338613114,8.083809291483089,2.1844117025534517,0.3194887863253781,1.812913113768822,0.141169463502944,0.031263435223076765,0.18574929439231452,0.015433232840969867,0.005701135626575648,0.38222449615070986,0.0,0.23047325894574852,2.9750532685263527,1512.2271171401176,0.24,39.0,True
281,Arabia,Harrat_Rahat,Murcia_2017,HM-165-1B,Medinah,BASALT,SAUDI ARABIA / Harrat_Rahat / Five Fingers,0.0,0.0,0.025,0.01,Stratigraphic,24.28919,39.84678,45.44279947573319,2.391726288144307,15.546220871450956,10.07801103033732,10.612029246974933,9.144835807144064,0.18088686218687636,0.422069345433165,2.8539927132923864,0.25123175292717714,0.5353346684309008,-0.27,0.0,29.0,0.0,288.0,336.0,64.0,201.0,120.0,60.0,20.0,5.0,502.0,21.0,144.0,11.0,0.0,0.0,47.0,10.0,27.0,3.5,17.0,4.0,1.5,4.6,0.7,4.1,0.7,2.3,0.3,1.7,0.3,3.3,0.7,0.0,1.3,0.6,0.2,0.0,0.0,0.0,0.0,0.0,88.0,0.18,2.458752891403508,0.04868547608577984,0.025356275274304178,0.008067295181154257,0.0,12.39736442,100.00000000000001,44.294196925393756,11.945843951059194,10.490149412020108,1.889325939583188,18.06444574240194,8.154370533950024,2.1930314686998824,0.32432155562187887,1.8378221464925952,0.13899495230055187,0.03741032015515596,0.1930485447772371,0.0194839704203089,0.006198975952938857,0.4113555611712264,0.0,0.20854768500197876,2.8780873506641216,1493.147199748646,0.24,39.0,True
282,Arabia,Harrat_Rahat,Murcia_2017,HM-166-1,Medinah,BASALT,SAUDI ARABIA / Harrat_Rahat / Five Fingers,0.0,0.0,0.025,0.01,Stratigraphic,24.29389,39.84764,45.27930700456561,2.381534788821214,15.565389821906583,10.036209648636722,10.92290428832067,9.023705655897478,0.18087606013636098,0.44214148033332684,2.8538222791772676,0.2512167501893902,0.5353569621491728,-0.22,0.0,28.0,0.0,288.0,317.0,65.0,197.0,109.0,59.0,19.0,8.0,486.0,21.0,146.0,11.0,0.0,0.0,72.0,10.0,27.0,3.5,16.0,3.9,1.5,4.3,0.7,4.1,0.8,2.1,0.3,1.7,0.2,3.3,0.7,0.0,1.3,0.6,0.2,0.0,0.0,0.0,0.0,0.0,88.0,0.18,2.4485545231132164,0.045934341161681894,0.02485270771554815,0.00819368787578218,0.0,12.34542875,100.00000000000001,44.16188358779412,11.94265059583717,10.46632169377048,1.878670015269562,18.010821892758962,8.380672177165353,2.189614441577483,0.33923604059794527,1.8272486709387674,0.13877838024461348,0.03524343386966671,0.19274775033974106,0.019068408051659234,0.00628666242936585,0.41075624935509997,0.0,0.20948616600790526,2.9132076487206855,1495.1603808117607,0.24,39.0,True
283,Arabia,Harrat_Rahat,Murcia_2017,HM-167-1,Medinah,BASALT,SAUDI ARABIA / Harrat_Rahat / Five Fingers,0.0,0.0,0.025,0.01,Stratigraphic,24.29153,39.84578,45.55481334058132,2.374420664423534,15.589023438421307,10.080167119761944,10.790088847435827,8.686171797964832,0.1803357462760302,0.4308020619253024,2.9955771252508376,0.2504663146578264,0.535380764731634,-0.53,0.0,31.0,0.0,302.0,299.0,68.0,171.0,113.0,62.0,20.0,5.0,454.0,22.0,144.0,11.0,0.0,0.0,65.0,10.0,27.0,3.6,17.0,4.3,1.5,4.8,0.7,4.4,0.8,2.2,0.3,1.9,0.3,3.4,0.6,0.0,1.3,0.6,0.2,0.0,0.0,0.0,0.0,0.0,88.0,0.18,2.459278916934831,0.043328008369221314,0.02157361406549847,0.00857223920004195,0.0,12.39894907,99.99999999999997,44.30328272845044,11.765098476093144,10.556073317073448,1.8560276563961597,18.21367454855621,8.143323304203886,2.26077406391257,0.3251280429640857,1.791984793079664,0.13610011057319293,0.032699821592448525,0.18902793164264273,0.016281693011010175,0.0064695032852765365,0.4040540091657988,0.0,0.21966445571595797,2.9280591981728126,1500.9448068142397,0.24,39.0,True
285,Arabia,Harrat_Rahat,Murcia_2017,HM-174-1,Medinah,BASALT,SAUDI ARABIA / Harrat_Rahat / Five Fingers,0.0,0.0,0.025,0.01,Stratigraphic,24.28894,39.86561,45.630882347724466,2.290081703240228,15.62880320403297,9.982345610383645,11.048639797552514,8.768602309054936,0.18079592388781449,0.421857156068856,2.812381038475307,0.23101701347092596,0.49593326347670874,-0.34,0.0,30.0,0.0,293.0,292.0,69.0,176.0,117.0,61.0,20.0,5.0,450.0,21.0,140.0,9.0,0.0,0.0,48.0,10.0,25.0,3.4,16.0,4.0,1.5,4.3,0.7,4.1,0.8,1.9,0.3,1.7,0.2,3.2,0.6,0.0,1.2,0.6,0.2,0.0,0.0,0.0,0.0,0.0,88.0,0.18,2.4354132039185106,0.042331593781217355,0.022213842737648738,0.008701992194246765,0.0,12.27341772,100.0,44.4028927049487,11.91363358150243,10.451146814711858,1.8564838364303435,17.994692561675,8.422234537323972,2.1438415179042,0.3215762279124561,1.7456995220892408,0.13781838328304044,0.03226882382780871,0.1761012672342951,0.01693332364343643,0.006633415564705427,0.37804348194848225,0.0,0.21352732992528523,2.8416504638699998,1492.2696220157686,0.24,39.0,True
286,Arabia,Harrat_Rahat,Murcia_2017,HM-175-1,Medinah,BASALT,SAUDI ARABIA / Harrat_Rahat / Five Fingers,0.0,0.0,0.025,0.01,Stratigraphic,24.29817,39.87475,45.44162841652201,2.3254355701377087,15.53310426014129,9.955280281159288,11.415774617941372,8.677599400838098,0.18120277220142494,0.4429401085031936,2.7885093206578717,0.24160369527668277,0.4959419193497931,-0.19,0.0,30.0,0.0,298.0,295.0,63.0,170.0,124.0,62.0,19.0,6.0,471.0,22.0,140.0,11.0,0.0,0.0,54.0,10.0,25.0,3.4,16.0,4.0,1.5,4.4,0.8,4.2,0.8,2.1,0.3,1.7,0.2,3.3,0.6,0.0,1.3,0.6,0.2,0.0,0.0,0.0,0.0,0.0,88.0,0.18,2.4288100203848897,0.042767253849977795,0.021456927140668797,0.0079454358957111,0.0,12.23992693,99.99999999999994,44.25187597740673,11.8229402411652,10.438484471642862,1.8486759148227456,17.965141196195557,8.689056537196215,2.1224591368171444,0.3371415233905636,1.7699929981779396,0.13792153270793953,0.032552069314600016,0.18389537618895313,0.016331826729195944,0.0060476265536987,0.37748357169064933,0.0,0.21445404556166547,2.8818942913323573,1495.5868826463884,0.24,39.0,True
287,Arabia,Harrat_Rahat,Murcia_2017,HM-176-1,Medinah,BASALT,SAUDI ARABIA / Harrat_Rahat / Five Fingers,0.0,0.0,0.025,0.01,Stratigraphic,24.30397,39.88508,45.60238185745438,2.193099326596497,15.844639625789728,9.791886684984767,11.25723919853146,8.822697748414118,0.18108159586504344,0.40240354614629076,2.746404201803552,0.22132195028124732,0.476220452579457,-0.17,0.0,31.0,0.0,281.0,288.0,62.0,175.0,118.0,60.0,19.0,6.0,468.0,21.0,134.0,9.0,0.0,0.0,49.0,9.0,24.0,3.3,16.0,4.2,1.5,4.3,0.7,4.0,0.8,2.2,0.3,1.7,0.3,3.1,0.6,0.0,1.3,0.5,0.2,0.0,0.0,0.0,0.0,0.0,88.0,0.18,2.388946551708226,0.041762628809408064,0.022093404590372467,0.00782122644545757,0.0,12.03609815,100.00000000000001,44.45009639294125,12.279055154272061,10.258314927267895,1.8513520762748976,17.56095832915648,8.723976326896837,2.1283695600738217,0.3118490198642605,1.6995771583371115,0.14033205901580392,0.03236461255347439,0.17151696084845772,0.017121634818962252,0.006061183666273368,0.3690546040124338,0.0,0.20318725099601606,2.7557999924780616,1478.930778386412,0.24,39.0,True
289,Arabia,Harrat_Rahat,Murcia_2017,HM-178-1,Medinah,BASALT,SAUDI ARABIA / Harrat_Rahat / Five Fingers,0.0,0.0,0.025,0.01,Stratigraphic,24.32303,39.94211,45.40040437262654,2.2941693699355676,15.395083934137396,10.074422182130558,11.189106754434448,9.055931724212893,0.18111863428589273,0.42261014732830016,2.7268416640538957,0.23142936625237973,0.49591288334624006,-0.18,0.0,32.0,0.0,293.0,303.0,67.0,180.0,131.0,64.0,20.0,4.0,450.0,21.0,137.0,9.0,0.0,0.0,60.0,10.0,25.0,3.5,16.0,4.3,1.6,4.5,0.7,4.2,0.8,2.2,0.3,1.9,0.3,3.4,0.6,0.0,1.5,0.6,0.3,0.0,0.0,0.0,0.0,0.0,88.0,0.18,2.4578773127919518,0.04392447198011119,0.022717769186091256,0.008449413297741574,0.0,12.38713605,100.0,44.245291367821245,11.782496539496142,10.499520932915642,1.8811154948145983,18.109105246936142,8.563487680755124,2.0869650732611658,0.32344108156566864,1.755823013237658,0.1386176061684046,0.03361722101152368,0.1771224969394252,0.017386851410835787,0.006466686597314135,0.37954270706910614,0.0,0.21104536489151887,2.89027415270137,1497.8187077561306,0.24,39.0,True
296,Arabia,Harrat_Rahat,Murcia_2017,HM-210-1,Medinah,BASALT,SAUDI ARABIA / Harrat_Rahat / Five Fingers,0.0,0.0,0.025,0.01,Stratigraphic,24.37997,39.98158,45.380197073404,2.4196078526277405,15.461394578808576,10.060347933265753,10.90329513285398,8.885281949400678,0.1807175989473356,0.481913596862416,2.9115613168143795,0.25099666525971265,0.5353758869186608,-0.31,0.0,31.0,0.0,290.0,306.0,60.0,182.0,110.0,62.0,19.0,4.0,508.0,23.0,148.0,11.0,0.0,0.0,60.0,11.0,27.0,3.7,17.0,4.2,1.6,4.6,0.7,4.4,0.8,2.3,0.3,1.8,0.3,3.4,0.7,0.0,1.3,0.6,0.2,0.0,0.0,0.0,0.0,0.0,88.0,0.18,2.4544435896112082,0.044341972458151156,0.022961181209430966,0.007563671557967523,0.0,12.37468354,99.99999999999999,44.208730314271286,11.774242975482428,10.508446629104737,1.8691208639941792,18.116038118327754,8.303134977460097,2.2172275733247333,0.36698939113964496,1.8425925693191632,0.13762102177174237,0.033767533392492416,0.19114030805825347,0.017485520157053853,0.005759927169332844,0.4077022770270984,0.0,0.21414538310412584,2.935359124125521,1499.5191830671902,0.24,39.0,True
297,Arabia,Harrat_Rahat,Murcia_2017,HM-211-1,Medinah,BASALT,SAUDI ARABIA / Harrat_Rahat / Five Fingers,0.0,0.0,0.025,0.01,Stratigraphic,24.38139,39.97133,45.354547040688374,2.4187753570932555,15.405892830834105,10.155644846448494,10.77910677187198,8.992625392348648,0.1806554207465539,0.4717113768344005,2.9005231454202676,0.250910307143212,0.5353542741032563,-0.36,0.0,31.0,0.0,299.0,309.0,62.0,190.0,112.0,64.0,19.0,3.0,474.0,22.0,147.0,11.0,0.0,0.0,63.0,11.0,27.0,3.7,17.0,4.5,1.5,4.6,0.7,4.3,0.9,2.2,0.3,1.8,0.3,3.6,0.7,0.0,1.2,0.6,0.2,0.0,0.0,0.0,0.0,0.0,88.0,0.18,2.477693371748234,0.04477489006889995,0.02396949622616941,0.007815478424144815,0.0,12.49240737,100.0,44.17814650260173,11.696842570689478,10.584585274079588,1.8811755752172694,18.28622017020968,8.183979750326051,2.202206842353139,0.3581443655503125,1.8364423845113425,0.13716167178476357,0.03399509823978818,0.19050232234145678,0.018198713111589278,0.005933860617209863,0.40646489836658917,0.0,0.21599372794982374,2.9634095352863716,1503.958157627852,0.24,39.0,True
298,Arabia,Harrat_Rahat,Murcia_2017,HM-212-1,Medinah,BASALT,SAUDI ARABIA / Harrat_Rahat / Five Fingers,0.0,0.0,0.025,0.01,Stratigraphic,24.37344,39.93533,45.27835576756416,2.4195307624181304,15.400664692414715,10.14235169340165,10.973224578239552,8.905077951709705,0.18071184117234412,0.4818982427957826,2.8713103658446935,0.26102821480640703,0.5353588295102473,-0.34,0.0,31.0,0.0,293.0,308.0,65.0,184.0,108.0,62.0,19.0,9.0,492.0,22.0,149.0,10.0,0.0,0.0,66.0,11.0,27.0,3.7,18.0,4.4,1.6,4.8,0.8,4.5,0.8,2.4,0.3,2.0,0.3,3.6,0.7,0.0,1.4,0.6,0.2,0.0,0.0,0.0,0.0,0.0,88.0,0.18,2.474450214106175,0.044630367275064926,0.023212762285468383,0.008193716455916326,0.0,12.47594937,99.99999999999997,44.11000919414473,11.663684748606501,10.584149729621279,1.8740234788483725,18.28799470979566,8.310565466650582,2.174585291705837,0.3649653633226498,1.832430262980798,0.1368620113398487,0.033800783570547346,0.1976895717684836,0.017580172469789348,0.006205506552476771,0.40545370862245755,0.0,0.21752738654147116,2.980500810818467,1505.499642610017,0.24,39.0,True
299,Arabia,Harrat_Rahat,Murcia_2017,HM-213-1,Medinah,BASALT,SAUDI ARABIA / Harrat_Rahat / Five Fingers,0.0,0.0,0.025,0.01,Stratigraphic,24.36322,39.93422,45.47782006658491,2.360788097039629,15.58120144204816,10.049925156105763,10.819441622160873,8.930811141752603,0.18082632208591629,0.44201989876278364,2.873129343445541,0.2411017627812217,0.5156483591405225,-0.27,0.0,32.0,0.0,289.0,306.0,62.0,184.0,107.0,64.0,19.0,3.0,481.0,23.0,143.0,10.0,0.0,0.0,55.0,11.0,26.0,3.6,17.0,4.4,1.6,4.6,0.8,4.5,0.9,2.3,0.3,1.9,0.3,3.5,0.7,0.0,1.2,0.6,0.2,0.0,0.0,0.0,0.0,0.0,88.0,0.18,2.4519007234244734,0.044350677378125966,0.02321805900176191,0.00781732828771631,0.0,12.35943673,100.00000000000001,44.293432243438204,11.895172307501063,10.492578742761244,1.8718570383996485,18.080548908124708,8.259897213011994,2.193436027968429,0.3374516964358252,1.802298834286337,0.13804842116596872,0.033858682292849406,0.18406456155462417,0.017725386164789827,0.005967990806905606,0.39366194608741434,0.0,0.2125984251968505,2.8926273716143585,1495.753516386375,0.24,39.0,True
300,Arabia,Harrat_Rahat,Murcia_2017,HM-214-1,Medinah,BASALT,SAUDI ARABIA / Harrat_Rahat / Five Fingers,0.0,0.0,0.025,0.01,Stratigraphic,24.35231,39.90928,45.69863497433532,2.2824180722869665,15.71550417218808,9.99276818213913,11.100394497034365,8.5263899797205,0.18098469302658918,0.42229761739267363,2.8454815618132328,0.23125821864688695,0.49594833222307105,-0.19,0.0,33.0,0.0,299.0,285.0,61.0,166.0,122.0,66.0,20.0,6.0,448.0,21.0,139.0,10.0,0.0,0.0,56.0,10.0,25.0,3.5,17.0,4.3,1.5,4.5,0.8,4.3,0.9,2.2,0.3,1.9,0.3,3.5,0.6,0.0,1.2,0.6,0.2,0.0,0.0,0.0,0.0,0.0,88.0,0.18,2.4379560199922894,0.04131805069550272,0.02095232919142808,0.007693299313943946,0.0,12.2858591,99.99999999999997,44.40868222953456,11.854626679513146,10.497088358718843,1.8390156727664524,18.102750201667767,8.373325559007059,2.146423128977952,0.31855042937136746,1.7216892233988585,0.13652161248084116,0.03116731482195821,0.1744442824481377,0.015804904374000943,0.005803262198991999,0.3741071407200742,0.0,0.2199687987519502,2.859858279170293,1495.5888723875464,0.24,39.0,True
301,Arabia,Harrat_Rahat,Murcia_2017,HM-217-1,Medinah,BASALT,SAUDI ARABIA / Harrat_Rahat / Five Fingers,0.0,0.0,0.025,0.01,Stratigraphic,24.29444,39.84344,45.2769783051339,2.4183847016921955,15.46361337855677,10.022348149527927,10.9880964674493,8.940999040620099,0.1806262431647506,0.49170477294946147,2.8900198916272464,0.2508697827239518,0.5550925429334942,-0.34,0.0,31.0,0.0,287.0,305.0,63.0,190.0,105.0,64.0,20.0,6.0,505.0,21.0,147.0,11.0,0.0,0.1,75.0,11.0,28.0,3.9,18.0,4.5,1.6,5.0,0.8,4.5,0.8,2.4,0.3,1.9,0.3,3.8,0.8,0.0,1.3,0.6,0.3,0.0,0.0,0.0,0.0,0.0,88.0,0.18,2.4451727049240577,0.0441881418802208,0.023965624922811703,0.0079402518938243,0.0,12.33043126,100.00000000000003,44.15172882252551,11.84086243935931,10.463944191647554,1.8723278273130226,18.002280091548556,8.413850990474032,2.212958067822838,0.37651022660360806,1.8518156059111852,0.13830987919148913,0.03383592803607864,0.19209705485429812,0.018351058128354435,0.006080042749840855,0.4250477738342878,0.0,0.21073401736385175,2.9310253865508553,1496.668103997486,0.24,39.0,True
302,Arabia,Harrat_Rahat,Murcia_2017,HM-218-1,Medinah,BASALT,SAUDI ARABIA / Harrat_Rahat / Five Fingers,0.0,0.0,0.025,0.01,Stratigraphic,24.2975,39.84408,45.488157699670424,2.5121072786529353,15.543038260451786,10.192950345090637,10.35868937509211,8.7673544872082,0.18015111930828942,0.5004197764069325,3.0525606375688343,0.2702266789624341,0.5747981689023962,-0.6,0.0,31.0,0.0,291.0,289.0,68.0,177.0,101.0,63.0,19.0,6.0,497.0,23.0,155.0,11.0,0.0,0.0,60.0,12.0,29.0,4.0,19.0,4.4,1.6,4.9,0.8,4.6,0.9,2.3,0.3,2.0,0.3,3.8,0.8,0.0,1.4,0.7,0.2,0.0,0.0,0.0,0.0,0.0,88.0,0.18,2.4867948702855456,0.04186140104482371,0.022321246306432577,0.008568655048213617,0.0,12.54292062,99.99999999999999,44.23352324730647,11.671902282407776,10.650760301199353,1.8674358407917948,18.41861487052231,7.778762950582624,2.292292464047,0.37578564966076905,1.8864439621156854,0.1352828337290361,0.0314354358660419,0.20292425059355287,0.016761935558837357,0.00643455306089572,0.43163942255783166,0.0,0.22269724057520415,2.984275149140752,1505.8303311498826,0.24,39.0,True
304,Arabia,Harrat_Rahat,Murcia_2017,HM-220-1,Medinah,BASALT,SAUDI ARABIA / Harrat_Rahat / Five Fingers,0.0,0.0,0.025,0.01,Stratigraphic,24.30667,39.85089,45.55112242694237,2.2308292919263106,15.535414798882002,10.00336010761083,11.204390359407862,8.89317082486341,0.18087805109889638,0.412000003958132,2.773463444230984,0.22107317290397405,0.4761674976942039,-0.32,0.0,32.0,0.0,287.0,321.0,65.0,181.0,120.0,62.0,20.0,6.0,446.0,21.0,137.0,9.0,0.0,0.0,54.0,10.0,24.0,3.3,16.0,3.8,1.4,4.6,0.7,4.2,0.8,2.2,0.3,1.8,0.2,3.0,0.6,0.0,1.2,0.6,0.2,0.0,0.0,0.0,0.0,0.0,88.0,0.18,2.440540153637378,0.04654275397837112,0.022848351768265267,0.008198761097017027,0.0,12.29740681,100.0,44.35537150885281,11.878016587092734,10.453990290795707,1.8659802008284168,18.00814139715635,8.566616100066145,2.1205256004263093,0.31500561422081635,1.70564015673273,0.13829514815068283,0.035585506465128564,0.16902740278963233,0.017469317994052876,0.006268581918455599,0.3640665865100185,0.0,0.21166732361056378,2.8549451340047876,1494.4352915734248,0.24,39.0,True
305,Arabia,Harrat_Rahat,Murcia_2017,HM-222-1,Medinah,BASALT,SAUDI ARABIA / Harrat_Rahat / Five Fingers,0.0,0.0,0.025,0.01,Stratigraphic,24.31417,39.84783,45.71372971341583,2.109864448769503,15.894312173585408,9.729690141740086,11.232516447780542,8.851383708828022,0.17079855098325727,0.41192591573469045,2.772964703076368,0.21098644527388608,0.45647620626231056,-0.26,0.0,31.0,0.0,277.0,282.0,71.0,172.0,119.0,59.0,19.0,4.0,475.0,20.0,129.0,9.0,0.0,0.0,51.0,9.0,23.0,3.2,15.0,3.7,1.4,4.3,0.7,4.0,0.8,2.2,0.3,1.8,0.3,3.1,0.5,0.0,1.0,0.5,0.2,0.0,0.0,0.0,0.0,0.0,88.0,0.18,2.373772334287961,0.040901379501431315,0.0217193363618765,0.008958494398834668,0.0,11.95707199,100.00000000000001,44.562076865630566,12.391658560974003,10.193251320250555,1.8506605348337757,17.407883518056945,8.757189809870388,2.1618822775646884,0.3211491786781341,1.6449104291872956,0.13315941598347272,0.03188788064052633,0.16449104322819172,0.016933013358992666,0.006984297439133275,0.35588185430331337,0.0,0.1993594875900722,2.716759244337145,1474.4534311758998,0.24,39.0,True
306,Arabia,Harrat_Rahat,Murcia_2017,HM-223-1,Medinah,BASALT,SAUDI ARABIA / Harrat_Rahat / Five Fingers,0.0,0.0,0.025,0.01,Stratigraphic,24.31722,39.85267,45.75742656677649,2.186567074036758,15.727234734265117,9.902541016380255,10.993016118162277,8.846569538148136,0.18054223599882055,0.3911748440027248,2.8284950220501655,0.22066273200559883,0.4761982002942763,-0.43,0.0,31.0,0.0,289.0,298.0,63.0,178.0,129.0,61.0,20.0,4.0,453.0,21.0,136.0,9.0,0.0,0.0,52.0,9.0,24.0,3.4,16.0,4.2,1.5,4.6,0.8,4.1,0.8,2.1,0.3,1.8,0.3,3.3,0.6,0.0,1.1,0.5,0.2,0.0,0.0,0.0,0.0,0.0,88.0,0.18,2.415943114467085,0.04321070089290292,0.022471098616178138,0.007947003903223513,0.0,12.17268224,99.99999999999999,44.53832600140061,12.097024449411864,10.36280867299673,1.8582874496317008,17.798116306933544,8.45557321430808,2.1756128152797847,0.3008826237956534,1.6818567155529585,0.13886890352509634,0.03323666963772165,0.16972865918571028,0.017284248245675708,0.006112651215627606,0.3662806188792444,0.0,0.20792079207920802,2.78046163556223,1485.22541988995,0.24,39.0,True
322,Arabia,Harrat_Rahat,Murcia_2017,HM-234-1,Medinah,BASALT,SAUDI ARABIA / Harrat_Rahat / Five Fingers,0.0,0.0,0.025,0.01,Stratigraphic,24.39508,39.98842,45.67023275567648,2.462955541566179,15.57191075185881,9.760139904838459,10.676158303816543,8.987274507654735,0.1809518353384764,0.5227497479661461,2.9454937704580066,0.2714277535036734,0.49595882306422767,-0.3,0.0,30.0,0.0,287.0,274.0,65.0,203.0,80.0,76.0,17.0,4.0,485.0,24.0,140.0,10.0,0.0,0.0,80.0,11.0,25.0,3.4,16.0,4.3,1.4,4.3,0.6,4.0,0.8,1.9,0.3,1.8,0.2,3.0,0.6,0.0,1.3,0.6,0.2,0.0,0.0,0.0,0.0,0.0,88.0,0.18,2.381201225051754,0.039724159185329004,0.025622968655378726,0.008197951365840152,0.0,11.99959461,100.00000000000003,44.54198444311293,12.176771700351752,10.20316308159063,1.8620286329724833,17.430509406617993,8.34843869670072,2.3032886431996804,0.40877477650842253,1.9259580802688265,0.14149896071124385,0.03106311261965345,0.2122484414546916,0.020036400450379646,0.006410554477427022,0.38782506896318764,0.0,0.19743178170144474,2.766845999971144,1477.1126944442576,0.24,39.0,True
323,Arabia,Harrat_Rahat,Murcia_2017,HM-288-1,Medinah,BASALT,SAUDI ARABIA / Harrat_Rahat / Five Fingers,0.0,0.0,0.025,0.01,Stratigraphic,24.28406,39.84922,45.72370953364907,2.2104568623829093,15.565300399492706,9.314619607692798,12.290549495568314,8.51435235715347,0.17397114211228032,0.46051184583334104,2.7528374805661446,0.2353727216229167,0.4170026869926252,1.43,0.0,30.0,0.0,289.0,267.0,65.0,173.0,88.0,69.0,17.0,6.7,442.0,19.0,129.0,9.0,0.0,0.1,77.0,9.0,21.0,2.9,14.0,3.7,1.2,3.8,0.6,3.8,0.7,1.9,0.3,1.7,0.2,2.8,0.5,0.0,1.2,0.5,0.3,0.0,0.0,0.0,0.0,0.0,88.0,0.18,2.272506730127276,0.03874622166460676,0.021857146195541428,0.008205768946005478,0.0,11.44094001,100.00000000000001,44.643374011856,12.349331834011464,9.82715808966614,1.8029809245622177,16.612581035847487,9.75118181131033,2.184069864383941,0.3653648469177237,1.7537512670956241,0.1380267202267767,0.03074081041609629,0.18674203320165522,0.017341210537898687,0.006510363505143204,0.3308451764614951,0.0,0.18798213560698346,2.61249217335184,1461.220958097943,0.24,39.0,True
325,Arabia,Harrat_Rahat,Murcia_2017,HM-292-1,Medinah,BASALT,SAUDI ARABIA / Harrat_Rahat / Five Fingers,0.0,0.0,0.025,0.01,Stratigraphic,24.30669,39.84244,46.167980596623785,2.200890112047232,15.69021660034183,9.530969841129027,10.984165861857129,8.712279290100629,0.1825623131993154,0.5274022392340546,2.9209970141663337,0.23327406758254624,0.45651734938769023,0.62,0.0,31.0,0.0,276.0,257.0,67.0,172.0,91.0,75.0,18.0,4.1,429.0,24.0,130.0,9.0,0.0,0.1,105.0,9.0,23.0,3.1,15.0,3.8,1.4,3.9,0.6,4.0,0.7,2.1,0.3,1.6,0.2,2.9,0.6,0.0,1.3,0.7,0.3,0.0,0.0,0.0,0.0,0.0,88.0,0.18,2.325290137529375,0.037278730385068994,0.021721293969670385,0.008454552446306962,0.0,11.71180378,99.99999999999999,44.95960369492948,12.349273392057013,10.015223781454154,1.830162346106721,17.014376689970966,8.645289651948959,2.2990243936171337,0.41510162707011417,1.7322510193360938,0.14368902445461249,0.029340910005281332,0.18360264292280598,0.01709614369854238,0.0066543109140159516,0.3593103715141179,0.0,0.19322307382008885,2.617922929016507,1463.7759517662244,0.24,39.0,True
538,Arabia,Harrat_Rahat,Downs_2019,R15TS185,Medinah,bfa,0.0,0.0,0.0,0.515,0.055,Stratigraphic,24.16646674,39.76262662,47.2601987612383,1.4422406179343845,15.276625829084598,9.24444451178741,10.548619395635788,10.240703010264122,0.17581032326059648,0.3178491719965586,2.6619868154711783,0.14899179937338683,0.32241825384400913,0.0,0.0,32.8,0.0,252.0,495.0,0.0,260.0,131.0,80.0,18.0,2.5,272.0,21.54,90.0,7.67,0.0,0.02,63.0,6.45,16.23,2.38,11.28,3.28,1.2,3.85,0.68,4.31,0.88,2.29,0.32,1.98,0.31,2.26,0.53,0.0,0.81,0.43,0.14,0.0,0.0,0.0,0.0,0.0,0.0,0.18,2.2553859689530222,0.07186291660816693,0.03286262454845668,0.0,0.0,11.35,99.99999999999997,46.255102536483115,12.966445729927015,9.534333930559816,1.9143193067405595,15.984784652891623,8.95342351442294,2.2594326759560754,0.2697830060843071,1.2241403901075425,0.14922372524038235,0.060995577074358646,0.12646078410201905,0.02789303361343532,0.0,0.27366113679677023,0.0,0.1408934707903781,2.1708135688444594,1425.79713306119,0.24,39.0,True
544,Arabia,Harrat_Rahat,Downs_2019,R15DD041,Medinah,bgh,0.0,0.0,0.0,0.99,0.21,Stratigraphic,24.05915288,39.77166939,47.72309870443944,1.3940351339231425,16.295207552629744,8.546836361354302,11.45632579767201,8.75370600845537,0.16692651639279255,0.33782747365208016,2.6430031762192154,0.16692651639279255,0.37220638714726234,0.0,0.0,30.7,0.0,251.0,285.0,0.0,137.0,95.0,78.0,17.0,5.0,330.0,19.68,101.0,9.62,0.0,0.01,86.0,7.86,18.73,2.59,11.77,3.26,1.22,3.73,0.65,4.12,0.81,2.12,0.29,1.77,0.27,2.49,0.65,0.0,0.73,0.61,0.13,0.0,0.0,0.0,0.0,0.0,0.0,0.18,2.085189086673301,0.041389429739592906,0.017321855308956247,0.0,0.0,10.49,99.99999999999997,46.62373587870857,13.789573808557803,8.981897253911942,1.7645598389963646,14.796150250407639,9.694743049553125,2.2366016055343656,0.28588140822619823,1.1796812227686921,0.1412590487705917,0.03502518114266829,0.1412590487705917,0.014658358999880498,0.0,0.31497404565156956,0.0,0.1431019708654671,1.9750692144266548,1419.116209043811,0.24,39.0,True
545,Arabia,Harrat_Rahat,Downs_2019,R15DD043,Medinah,bgh,0.0,0.0,0.0,0.99,0.21,Stratigraphic,24.05574253,39.77274073,47.83930462355544,1.481071494886237,15.943123737708989,8.813319068563816,11.363821530180115,8.612266841491397,0.17085465936984087,0.3476693649967692,2.652220584403925,0.16886797728414504,0.39018436163065984,0.0,0.0,33.2,0.0,259.0,335.0,0.0,146.0,109.0,80.0,18.0,3.3,321.0,20.78,106.0,10.1,0.0,0.01,64.0,8.17,19.64,2.73,12.41,3.41,1.29,3.99,0.68,4.32,0.83,2.26,0.3,1.81,0.29,2.59,0.69,0.0,0.81,0.64,0.13,0.0,0.0,0.0,0.0,0.0,0.0,0.18,2.150203415878545,0.04863755348558803,0.018454786564549935,0.0,0.0,10.82,100.00000000000003,46.57061945711679,13.171762803744203,9.289113243017129,1.7764379076331875,15.443091615829404,9.388471431453814,2.1911904477256696,0.2872347028853876,1.2236198342917477,0.14115533970367605,0.040182985994854155,0.13951399854433155,0.01524682836444622,0.0,0.3223594036953717,0.0,0.1603694374475232,2.030626797644708,1408.6769127057842,0.24,39.0,True
555,Arabia,Harrat_Rahat,Downs_2019,R15DS106,Medinah,bh10,0.0,0.0,0.0,0.1373,0.0113,Stratigraphic,24.33462111,39.95744197,45.951031265866064,2.1622265197595225,16.090296385005527,9.6658762596751,10.736778179273559,8.506145593551905,0.1824161758990152,0.49569613016036745,2.994004626168619,0.24090831925793854,0.563903917670434,0.0,0.0,31.3,0.0,289.0,244.0,0.0,136.0,89.0,84.0,18.0,3.9,472.0,23.44,148.0,10.34,0.0,0.05,59.0,11.69,28.44,3.98,17.52,4.44,1.67,4.75,0.79,4.71,0.92,2.39,0.33,2.01,0.31,3.42,0.73,0.0,1.17,0.75,0.27,0.0,0.0,0.0,0.0,0.0,0.0,0.18,2.3582035314193552,0.03535606183550878,0.01715703445711064,0.0,0.0,11.89,100.00000000000003,44.711080783605055,12.450745304266695,10.178442792459608,1.8247887324615488,17.348730013524165,8.30816830839242,2.316774542137128,0.3835719440624381,1.6731408200003555,0.14115447541497742,0.02735868316795295,0.18641596481434589,0.013276192127889122,0.0,0.43635144356543065,0.0,0.20413847990449674,2.7075047280199906,1469.5192028320566,0.24,39.0,True
559,Arabia,Harrat_Rahat,Downs_2019,R14TRO149,Medinah,bh82,0.0,0.0,0.0,0.5074,0.0383,Stratigraphic,24.46368809,39.8131485,46.4398979112451,1.5446853743740347,15.854134131838968,9.033479008027394,10.847565458626661,10.410484066520826,0.16787898924065073,0.2582753680625396,2.662223024644639,0.14900502003608052,0.32860573751956956,0.0,0.0,32.3,0.0,257.0,457.0,0.0,265.0,119.0,79.0,17.0,1.9,374.0,19.61,98.0,5.47,0.0,0.02,32.0,6.53,16.54,2.44,11.28,3.13,1.24,3.63,0.62,3.95,0.78,2.0,0.28,1.68,0.26,2.42,0.43,0.0,0.6,0.4,0.14,0.0,0.0,0.0,0.0,0.0,0.0,0.18,2.2039162850248264,0.06635205462608268,0.0334975702126112,0.0,0.0,11.09,99.99999999999999,45.667428981880896,13.742126376129576,9.297432804028935,1.9103216775742147,15.463779103578368,9.402507520509692,2.3075751057661225,0.2238692266788026,1.3389101826366834,0.1455149973412216,0.05751296869353006,0.1291553230839247,0.02903519292362524,0.0,0.2848305391744144,0.0,0.12510936132983386,2.21211595770246,1413.9624235346332,0.24,39.0,True
560,Arabia,Harrat_Rahat,Downs_2019,R14TRO155,Medinah,bh82,0.0,0.0,0.0,0.5074,0.0383,Stratigraphic,24.47678611,39.78180358,46.66599037588535,1.547915967758769,15.727541572285823,8.749798680910095,11.157314709840165,10.46184540468539,0.16889968839473088,0.258317170486059,2.5533658774968138,0.14604855408250259,0.33223562234822357,0.0,0.0,31.4,0.0,257.0,434.0,0.0,261.0,125.0,79.0,18.0,2.0,368.0,19.32,98.0,5.39,0.0,0.03,33.0,6.63,16.72,2.45,11.28,3.21,1.23,3.64,0.63,4.0,0.79,2.02,0.28,1.69,0.25,2.42,0.42,0.0,0.59,0.39,0.16,0.0,0.0,0.0,0.0,0.0,0.0,0.18,2.1347062174396347,0.06302287205768152,0.03299728632875235,0.0,0.0,10.74,99.99999999999999,45.97734963776472,13.921632225094442,8.993090275148635,1.88958933799199,14.825282991765713,9.876180030815593,2.2601765520210213,0.2286559935896755,1.3701770692796678,0.14950584196248,0.05578629326927321,0.12927858099108577,0.02920838470422575,0.0,0.29408678560148993,0.0,0.10873440285204998,2.059937011587947,1396.2961857675414,0.24,39.0,True
561,Arabia,Harrat_Rahat,Downs_2019,R15MS041,Medinah,bh82,0.0,0.0,0.0,0.5074,0.0383,Ar-Ar,24.46391265,39.7860655,46.32817651280337,1.5730724886662495,15.740655899848516,8.91705673973122,10.94397653099878,10.626184109046001,0.1648548188880034,0.297930395580729,2.601925454738367,0.16982032548101555,0.36486542445453285,0.0,0.0,29.1,0.0,241.0,420.0,0.0,277.0,107.0,76.0,17.0,2.4,397.0,18.89,102.0,6.42,0.0,0.03,35.0,7.45,18.37,2.64,11.94,3.2,1.27,3.69,0.64,3.91,0.77,1.98,0.27,1.64,0.24,2.43,0.48,0.0,0.76,0.45,0.19,0.0,0.0,0.0,0.0,0.0,0.0,0.18,2.175512506944481,0.06096370926531109,0.03500508355342811,0.0,0.0,10.95,100.0,45.65032867148632,13.856837282028762,9.153419480069953,1.9151503600328568,15.152127937990869,9.634217466748073,2.290530831477307,0.2622745226882417,1.3848094797939154,0.14512523588749346,0.05366766193055874,0.14949647793229748,0.030815726481152664,0.0,0.321198865452199,0.0,0.11308203991130826,2.173742073346517,1405.4059302166747,0.24,39.0,True
571,Arabia,Harrat_Rahat,Downs_2019,R14TS022,Medinah,bhb,0.0,0.0,0.0,0.2464,0.025,Stratigraphic,24.39440058,39.86536406,45.982136367864356,1.9352550709372833,16.338628877585265,9.389754496335561,10.528897978152639,9.021937062258854,0.1725073680036308,0.5056250441485731,2.954436532475976,0.2547953653846731,0.5762142659983347,0.0,0.0,24.8,0.0,250.0,183.0,0.0,178.0,71.0,80.0,19.0,4.2,493.0,21.03,144.0,10.45,0.0,0.04,60.0,12.23,29.06,3.96,17.57,4.32,1.62,4.66,0.76,4.53,0.86,2.2,0.3,1.82,0.28,3.36,0.74,0.0,1.11,0.79,0.31,0.0,0.0,0.0,0.0,0.0,0.0,0.18,2.290837542044386,0.026517832609518132,0.022456196200955403,0.0,0.0,11.55,99.99999999999999,44.92237528887663,13.165320742131112,9.825074746842443,1.8459083216282175,16.561851420367184,8.48396275979569,2.380622318662069,0.4074219404421654,1.559387505378637,0.1390027796802684,0.02136750729245077,0.20530870332085616,0.018094726788206367,0.0,0.46430123879409063,0.0,0.17763157894736853,2.5509149876237736,1443.2769553629714,0.24,39.0,True
572,Arabia,Harrat_Rahat,Downs_2019,R15MS031,Medinah,bhb,0.0,0.0,0.0,0.2464,0.025,Ar-Ar,24.41039832,39.88195339,46.210328136213,1.907265901848414,15.723797331082768,10.098700483729946,9.967322063685739,8.728837711836118,0.19221277140706094,0.5350252399990356,3.150704191105432,0.3556927058512107,0.608541671124829,0.0,0.0,28.4,0.0,237.0,237.0,0.0,186.0,94.0,92.0,18.0,4.4,385.0,25.65,144.0,12.51,0.0,0.04,88.0,12.44,30.71,4.33,19.5,5.0,1.87,5.47,0.91,5.41,1.04,2.7,0.36,2.2,0.33,3.4,0.84,0.0,0.95,0.72,0.24,0.0,0.0,0.0,0.0,0.0,0.0,0.18,2.4638005395155758,0.034320799095458134,0.02345045350540217,0.0,0.0,12.43,99.99999999999997,44.803043572238565,11.87868265268939,10.564904907170423,1.8613000480854638,18.21959643986243,7.529902173034363,2.380227525869707,0.40418957986466675,1.440861002295344,0.14520884906249096,0.025927953169158666,0.26871122068780756,0.01771585383523499,0.0,0.4597282221349596,0.0,0.21905505661850852,2.834435806853773,1492.4794477927803,0.24,39.0,True
592,Arabia,Harrat_Rahat,Downs_2019,R15DS214,Medinah,blqh,0.0,0.0,0.0,0.22,0.04,Stratigraphic,24.33966693,40.01614784,47.226697015403666,1.7479237798261,15.930821502673997,9.547177551752032,10.392255522305094,8.685027298965576,0.1766782696246711,0.3573268374431551,2.888391935998837,0.21439610246589305,0.42700557074457035,0.0,0.0,29.9,0.0,263.0,384.0,0.0,169.0,108.0,84.0,18.0,3.0,363.0,21.05,106.0,7.82,0.0,0.04,66.0,8.83,21.51,2.94,13.43,3.63,1.4,4.09,0.7,4.34,0.85,2.22,0.31,1.85,0.28,2.59,0.55,0.0,1.05,0.57,0.19,0.0,0.0,0.0,0.0,0.0,0.0,0.18,2.3292443657235484,0.05570868326473766,0.02134556380812336,0.0,0.0,11.73,100.00000000000001,45.77898060487547,12.507346253586862,10.036018904609191,1.8286982743752862,17.066657957644086,8.158997836451974,2.2676870777531377,0.280538607557087,1.3723013553000885,0.1387107559587821,0.04373709107258021,0.16832316453425272,0.016758480250464072,0.0,0.335243636030721,0.0,0.19484702093397757,2.405188870672728,1452.7642269140965,0.24,39.0,True
593,Arabia,Harrat_Rahat,Downs_2019,R16MS072,Medinah,blqh,0.0,0.0,0.0,0.22,0.04,Stratigraphic,24.32439384,40.01506018,47.17103468306988,1.7669284877075837,15.803090743991424,9.425868622402323,10.750469394310748,8.596404889633526,0.17867816167829498,0.367282887894273,2.928336538616501,0.2163991069214906,0.4216804615607762,0.0,0.0,31.2,0.0,255.0,365.0,0.0,168.0,118.0,83.0,18.0,2.4,385.0,21.84,110.0,7.69,0.0,0.02,82.0,8.81,21.24,2.99,13.64,3.65,1.44,4.18,0.72,4.47,0.89,2.29,0.33,1.92,0.29,2.64,0.52,0.0,0.94,0.54,0.18,0.0,0.0,0.0,0.0,0.0,0.0,0.18,2.299648378986304,0.052956633558213076,0.021221009668658836,0.0,0.0,11.58,100.00000000000001,45.76483849742502,12.475474074879115,9.927011332425836,1.8154172622396338,16.83061502979272,8.486770366265132,2.3117241533224435,0.28994506329806885,1.394870845055576,0.1410543551179796,0.041805689769866775,0.1708324967539979,0.016752555576178736,0.0,0.33288827807843147,0.0,0.19126566922765884,2.396052627336943,1450.384740679448,0.24,39.0,True
603,Arabia,Harrat_Rahat,Downs_2019,R16MS091,Medinah,bmd,0.0,0.0,0.0,0.22,0.04,Stratigraphic,24.01013591,39.7756339,45.86559219345256,2.249187605943774,16.309087221953533,9.62791011760161,10.443364478699285,8.72922590676857,0.18033134109328938,0.5053240876789977,2.7842366399568306,0.28337782171802617,0.6200623805284643,0.4,0.0,29.5,0.0,279.0,210.0,0.0,182.0,72.0,84.0,19.0,2.7,505.0,23.97,167.0,11.3,0.0,0.02,60.0,12.92,31.29,4.33,19.0,5.0,1.77,5.19,0.86,5.15,0.97,2.5,0.35,2.07,0.32,3.74,0.77,0.0,1.21,0.77,0.25,0.0,0.0,0.0,0.0,0.0,0.0,0.18,2.3489408543576182,0.030412187093302127,0.022947163154121073,0.0,0.0,11.85,99.99999999999999,44.697362673697036,12.765978214900425,10.106535153637022,1.838639242449705,17.191354516093057,8.174569282202336,2.179368091365127,0.3955436749452753,1.7605571414230743,0.14115480164713665,0.02380521439470635,0.22181468830264392,0.01796194850959815,0.0,0.48535535643284766,0.0,0.19678714859437765,2.6332548695114957,1456.5753845878144,0.24,39.0,True
610,Arabia,Harrat_Rahat,Downs_2019,R14TS001,Medinah,bmt,0.0,0.0,0.0,0.22,0.04,Stratigraphic,24.22847125,39.84905247,46.94708034627086,1.8506934019402905,16.155114522031063,9.251879283458502,10.250757556055335,8.871420382491259,0.16869591331359218,0.40685484975631053,3.0762195957184457,0.21930468730766983,0.47473014664248525,0.0,0.0,27.1,0.0,242.0,328.0,0.0,178.0,100.0,80.0,17.0,3.3,419.0,20.39,126.0,9.44,0.0,0.02,51.0,9.91,23.92,3.24,14.24,3.71,1.46,4.23,0.71,4.31,0.83,2.11,0.3,1.73,0.27,2.9,0.75,0.0,0.77,0.67,0.23,0.0,0.0,0.0,0.0,0.0,0.0,0.18,2.257199845350676,0.04757272387230588,0.022476745791232468,0.0,0.0,11.37,100.00000000000004,45.71806513024636,13.063078234514226,9.707143469136309,1.8251791487171736,16.330586880744494,8.288795955929439,2.4874411871617923,0.3289841570117202,1.4964767142118518,0.1364080651024209,0.03846745951106643,0.17733048463314666,0.018174769874131604,0.0,0.3838683432058711,0.0,0.175257731958763,2.3673043455479648,1435.1852554540055,0.24,39.0,True
611,Arabia,Harrat_Rahat,Downs_2019,R14TS035,Medinah,bmt,0.0,0.0,0.0,0.22,0.04,Stratigraphic,24.22198909,39.83061336,47.308689919235,1.6557546921346307,14.826620570548455,9.343441531529615,8.704086792583484,10.38555810478711,0.18199454202674556,0.7616075943510547,3.3728336321260994,0.31552314623115124,0.7612119540423009,0.56,0.0,23.0,0.0,200.0,427.0,0.0,329.0,89.0,89.0,18.0,8.0,470.0,24.24,221.0,18.38,0.0,0.09,111.0,17.22,38.48,4.92,20.01,4.77,1.66,4.92,0.81,4.97,0.96,2.51,0.35,2.17,0.33,4.58,1.3,0.0,2.1,1.5,0.6,0.0,0.0,0.0,0.0,0.0,0.0,0.18,2.2795384736286732,0.06173009568555782,0.04140895109013701,0.0,0.0,11.52,100.00000000000001,46.308264703740804,12.609679568799418,9.611909964624504,1.9386919345805054,16.046183371617353,7.402613756199792,2.8685128305274206,0.6477287036674806,1.4081790258952795,0.15478192399326815,0.05249994242736701,0.2683447486622422,0.03521730404053898,0.0,0.6473922212240185,0.0,0.13941480206540455,2.3223428008561493,1424.7088585239094,0.24,39.0,True
612,Arabia,Harrat_Rahat,Downs_2019,R16MS098,Medinah,bmt,0.0,0.0,0.0,0.22,0.04,Stratigraphic,24.22091884,39.83967639,46.32817755886495,1.3675483429140884,14.706099571626865,9.166141414940691,9.225996429369685,12.63495751605408,0.1902675955358732,0.4657592182388562,2.75491622702983,0.2477442650206682,0.5434518197493378,0.0,0.0,27.7,0.0,207.0,545.0,0.0,426.0,92.0,80.0,15.0,4.7,318.0,21.24,138.0,11.07,0.0,0.04,110.0,11.73,27.42,3.54,15.11,3.72,1.35,3.99,0.68,4.32,0.86,2.23,0.32,1.94,0.32,3.05,0.76,0.0,1.26,0.83,0.31,0.0,0.0,0.0,0.0,0.0,0.0,0.18,2.2362822028231615,0.07893845787041748,0.05371937996149158,0.0,0.0,11.28,100.0,45.91266308383656,13.609685564293425,9.258776948821524,2.069556068569564,15.333959882055037,8.53815179269351,2.5495233065185774,0.4310345158502635,1.2655907061135387,0.17608218519840538,0.073053197097846,0.2292736786437572,0.0497143288350405,0.0,0.5029347414729461,0.0,0.07192575406032486,2.2104534808175598,1404.7939514811878,0.24,39.0,True
616,Arabia,Harrat_Rahat,Downs_2019,R17TS230,Medinah,bmuf,0.0,0.0,0.0,0.41,0.05,Stratigraphic,23.98910958,39.75582752,47.14782191685678,1.7268336628772945,16.444143448676247,9.005750348111995,10.952832260803081,8.6490633718581,0.17178966283943178,0.32769126437579477,2.7307605364649565,0.17973369349096624,0.4019679509676415,0.0,0.0,31.2,0.0,262.0,297.0,0.0,169.0,116.0,79.0,19.0,2.0,383.0,20.42,111.0,7.17,0.0,0.02,64.0,8.17,20.24,2.83,13.15,3.54,1.34,4.06,0.69,4.23,0.84,2.16,0.3,1.82,0.28,2.67,0.49,0.0,0.82,0.51,0.15,0.0,0.0,0.0,0.0,0.0,0.0,0.18,2.1971512673505558,0.04310581968104955,0.021354795646113818,0.0,0.0,11.06,100.00000000000003,45.929252177585596,13.416969018886062,9.486433641982156,1.792681423380655,15.866372824529392,8.936543978159033,2.228059468715987,0.26736713624591774,1.408943787671667,0.14016519566831492,0.03517054257033304,0.14664682321366995,0.017423627596219817,0.0,0.3279703537949932,0.0,0.16909015371832165,2.20069901645804,1418.8368249591513,0.24,39.0,True
618,Arabia,Harrat_Rahat,Downs_2019,R15DD060,Medinah,bmy,0.0,0.0,0.0,0.6604,0.0134,Stratigraphic,24.1276131,39.79966353,46.87584245138832,2.132337015389882,15.671392522744917,9.82021232333216,8.853447478171152,8.517490765829834,0.19762159549489175,0.8003674617543116,3.3101617245394372,0.46243453345804675,0.8926567468504262,0.0,0.0,25.1,0.0,221.0,297.0,0.0,217.0,83.0,94.0,18.0,5.9,452.0,27.91,210.0,18.98,0.0,0.04,138.0,19.77,45.17,6.02,25.37,6.01,2.08,6.03,0.97,5.8,1.13,2.92,0.41,2.43,0.37,4.6,1.32,0.0,1.64,1.43,0.38,0.0,0.0,0.0,0.0,0.0,0.0,0.18,2.3958572154272733,0.04289329301033707,0.0272848726089966,0.0,0.0,12.12,99.99999999999997,45.385188497214045,12.029993875800418,10.321678456324491,1.8391567684269887,17.58964556118395,6.796263879392947,2.541013838835524,0.6143943908826202,1.636868019166288,0.15170231873644913,0.03292662419618132,0.3549834258432914,0.020944970264246358,0.0,0.685239373732542,0.0,0.2091735863977858,2.6299388251083036,1461.5982690030687,0.24,39.0,True
650,Arabia,Harrat_Rahat,Downs_2019,R15DS182,Medinah,brg,0.0,0.0,0.0,0.5433,0.022,Stratigraphic,24.08305571,40.02184659,47.06977657985038,1.2766707462722409,15.650153852278093,9.229414747038511,11.136068814835744,10.21137738646099,0.1740010752318085,0.13920086018544683,2.4260721346606444,0.10141776956368267,0.2288859858192132,0.04,0.0,33.6,0.0,271.0,510.0,0.0,246.0,139.0,80.0,17.0,0.9,215.0,19.98,75.0,3.45,0.0,0.01,19.0,4.61,11.51,1.76,8.41,2.7,1.08,3.47,0.63,4.03,0.82,2.16,0.3,1.87,0.27,1.93,0.3,0.0,0.4,0.83,0.09,0.0,0.0,0.0,0.0,0.0,0.0,0.18,2.2517191266145664,0.0741161059971393,0.031124815191536672,0.0,0.0,11.32,99.99999999999997,46.08784482510061,13.270214122006921,9.524048373906469,1.909297201474107,15.991457912241271,9.442592005494141,2.057136115482652,0.11803240006867696,1.0825257263441497,0.14754050008584596,0.06284517109256624,0.08599503433575009,0.02639162311107015,0.0,0.19407898925578182,0.0,0.14163090128755373,2.1370150766260463,1424.595418628905,0.24,39.0,True
665,Arabia,Harrat_Rahat,Downs_2019,R14AC052,Medinah,bsj,0.0,0.0,0.0,0.3415,0.0185,Stratigraphic,24.0102654,39.8866658,47.55575062473488,1.5875082515438634,15.795657462203172,9.297099606477396,10.911016688222052,8.697043329283456,0.1707638644562505,0.38719713452289356,2.6905236783513886,0.15686448014004406,0.3995080177743907,0.57,0.0,31.4,0.0,248.0,415.0,0.0,179.0,120.0,81.0,18.0,4.6,316.0,22.32,100.0,8.03,0.0,0.05,69.0,8.17,20.12,2.85,13.12,3.58,1.32,4.21,0.71,4.51,0.88,2.4,0.33,1.91,0.3,2.43,0.66,0.0,0.77,0.55,0.26,0.0,0.0,0.0,0.0,0.0,0.0,0.18,2.2682323397226525,0.060220472488396,0.02261405007917651,0.0,0.0,11.42,100.00000000000001,46.14480689787786,12.63272809814323,9.781729365950929,1.8140405032013651,16.52166168907557,8.726189930772728,2.151772039344317,0.3096646108281504,1.2696249043954138,0.1365700334934408,0.04816189871855523,0.12545386797653255,0.018085802793053562,0.0,0.31951035742883926,0.0,0.1826726604004905,2.244138555605278,1437.068204078807,0.24,39.0,True
666,Arabia,Harrat_Rahat,Downs_2019,R16MS090,Medinah,bsj,0.0,0.0,0.0,0.3415,0.0185,Stratigraphic,24.001359,39.87272325,47.55340477898588,1.572530598812088,15.755107578749028,8.854449930165297,11.17559648555653,9.000080369701527,0.17086245293473096,0.3278174969096582,2.8212172461316043,0.1698690665804593,0.35444025120413963,0.32,0.0,32.8,0.0,253.0,421.0,0.0,184.0,124.0,79.0,18.0,2.7,313.0,21.22,99.0,7.69,0.0,0.05,82.0,7.23,17.84,2.52,11.73,3.29,1.32,3.96,0.7,4.44,0.86,2.3,0.32,1.89,0.29,2.42,0.52,0.0,0.83,0.55,0.17,0.0,0.0,0.0,0.0,0.0,0.0,0.18,2.160238196013646,0.06112640015648754,0.02325914809891739,0.0,0.0,10.87,99.99999999999999,46.40249828001799,13.160364043843787,9.277050318582251,1.8044637866708413,15.42543020810601,9.335062767543649,2.3565847342065775,0.2738285078479465,1.3135470543130319,0.1427227374237784,0.05105935803536536,0.14189295406666344,0.019428547523490415,0.0,0.2960667018186286,0.0,0.15254237288135603,2.0963436273442206,1413.5017832209996,0.24,39.0,True
667,Arabia,Harrat_Rahat,Downs_2019,R14TRO154,Medinah,bsl,0.0,0.0,0.0,0.675,0.105,Stratigraphic,24.47530243,39.80465794,46.43701507534275,1.533991255377176,16.005569380910817,8.749711261564581,11.187008766545985,10.352453938491045,0.1659174479585417,0.2583145896360529,2.593081072884993,0.15399523612918542,0.3356102629963795,0.0,0.0,30.8,0.0,253.0,416.0,0.0,255.0,111.0,76.0,16.0,1.9,409.0,18.91,97.0,5.55,0.0,0.03,49.0,6.67,16.89,2.44,11.32,3.08,1.21,3.59,0.62,3.88,0.76,1.98,0.28,1.63,0.26,2.34,0.44,0.0,0.74,0.4,0.19,0.0,0.0,0.0,0.0,0.0,0.0,0.18,2.1346848895637374,0.0604084166739288,0.03223840592481874,0.0,0.0,10.74,100.00000000000001,45.75604425329135,14.118247540843566,9.003759837424402,1.882970169652539,14.842877841201647,9.867875065791342,2.2873138473992394,0.22785501928114996,1.3531082683465219,0.14635303161519994,0.05328526338901271,0.13583664610991636,0.02843696368038163,0.0,0.29603625197374017,0.0,0.11150599733451805,2.1082054224884286,1397.1961452163237,0.24,39.0,True
668,Arabia,Harrat_Rahat,Downs_2019,R14TRO156,Medinah,bsl,0.0,0.0,0.0,0.675,0.105,Stratigraphic,24.49896557,39.77500235,47.65157238439949,1.4019259515093345,15.589098638682819,8.84793124265126,10.899452649225655,9.657491317271957,0.16990031021126592,0.30800641032451714,2.7422506209537656,0.15102249796556969,0.32449965681286214,0.0,0.0,32.6,0.0,253.0,496.0,0.0,207.0,129.0,82.0,17.0,2.5,304.0,19.79,92.0,8.07,0.0,0.02,57.0,6.84,16.33,2.31,10.69,3.09,1.21,3.65,0.64,4.03,0.8,2.04,0.29,1.72,0.26,2.31,0.58,0.0,0.76,0.52,0.13,0.0,0.0,0.0,0.0,0.0,0.0,0.18,2.15864781853489,0.07202914709285028,0.026171354363727497,0.0,0.0,10.86,99.99999999999996,46.63171518050448,13.331250979718675,9.185855996072895,1.8459999845213872,15.241076615567076,9.320830034895693,2.3450766541761237,0.2633962908676087,1.198877956174829,0.1452927927043906,0.06159680299713566,0.12914914907056976,0.022380825318293465,0.0,0.27750073741084214,0.0,0.13532209252053617,2.025666010059708,1406.8752731798804,0.24,39.0,True
669,Arabia,Harrat_Rahat,Downs_2019,R14TRO157,Medinah,bsl,0.0,0.0,0.0,0.675,0.105,Stratigraphic,24.49436466,39.78279059,46.43360067158578,1.7737675160351387,15.772336782203892,9.15669017091447,10.581064197501162,10.084766627261896,0.16973376902182918,0.3573342505722719,2.7296366363159663,0.1975264329552281,0.42383812498433365,0.0,0.0,29.3,0.0,254.0,375.0,0.0,248.0,103.0,78.0,17.0,2.7,409.0,20.09,116.0,7.83,0.0,0.03,45.0,8.75,21.35,3.01,13.66,3.61,1.36,3.99,0.68,4.16,0.81,2.11,0.3,1.76,0.27,2.76,0.58,0.0,0.77,0.56,0.22,0.0,0.0,0.0,0.0,0.0,0.0,0.18,2.2339763635551875,0.054404139649628404,0.03132431744322154,0.0,0.0,11.25,100.0,45.56068149672891,13.40728452371596,9.45856068937688,1.8989929735228162,15.802819432414141,8.994440089541325,2.3203292913919933,0.3037521981458609,1.5077921613518177,0.14428229411928414,0.04624627216770729,0.16790746508618448,0.026627255191908554,0.0,0.36028385724522977,0.0,0.13978494623655924,2.2875915229359602,1421.2667145858486,0.24,39.0,True
670,Arabia,Harrat_Rahat,Downs_2019,R17AC141,Medinah,bsl,0.0,0.0,0.0,0.675,0.105,Stratigraphic,24.48724136,39.78235175,46.51297820690627,1.709612560774655,16.02389473339311,9.020241511134849,10.623028107020215,9.977703969677867,0.16877708207415296,0.3176980368454644,2.7699297587463927,0.1836691775512841,0.40268226170162613,0.0,0.0,28.3,0.0,249.0,392.0,0.0,255.0,99.0,76.0,18.0,2.3,399.0,19.16,110.0,7.28,0.0,0.02,45.0,8.28,20.28,2.88,13.1,3.54,1.34,3.85,0.65,4.06,0.78,2.1,0.29,1.7,0.26,2.59,0.51,0.0,0.77,0.54,0.2,0.0,0.0,0.0,0.0,0.0,0.0,0.18,2.2006867059281654,0.05688256270503301,0.03221532554090394,0.0,0.0,11.08,99.99999999999999,45.658929438755884,13.70307336649872,9.328409889645584,1.8819501681552977,15.51881096069973,9.084441451148471,2.368746883056467,0.27168423031472,1.4620007643810842,0.1443322473546948,0.04864397470092937,0.15706744565069716,0.027549417713827434,0.0,0.3443597619239074,0.0,0.13532209252053617,2.2352636812311126,1413.4200189317885,0.24,39.0,True
675,Arabia,Harrat_Rahat,Downs_2019,R14AC005,Medinah,bsof,0.0,0.0,0.0,0.028,0.017,Stratigraphic,24.29198488,39.86570296,45.809453415693284,2.341063448701519,15.593863310842323,9.793581023873035,10.961335215318554,8.80874721375826,0.17756371072778473,0.42654969616171745,2.9064897901251916,0.23609029694532271,0.494202461925041,0.0,0.0,31.0,0.0,297.0,288.0,0.0,158.0,105.0,83.0,19.0,3.2,449.0,21.21,136.0,8.63,0.0,0.03,60.0,10.0,24.91,3.48,15.73,4.23,1.63,4.61,0.77,4.56,0.86,2.18,0.3,1.77,0.26,3.25,0.63,0.0,0.93,0.59,0.22,0.0,0.0,0.0,0.0,0.0,0.0,0.18,2.3893599230200855,0.04175631868420239,0.01994417422367305,0.0,0.0,12.04,99.99999999999997,44.60832620090158,12.078672729307785,10.261391383980484,1.8507470514132984,17.564410260155487,8.49041562715337,2.251304777154697,0.33039626422406737,1.813337636206514,0.13753704952583307,0.032343550646393285,0.1828704904309959,0.015448330442690712,0.0,0.3827986484568157,0.0,0.203504579848666,2.750864234342836,1479.9447578990507,0.24,39.0,True
676,Arabia,Harrat_Rahat,Downs_2019,R14AC006,Medinah,bsof,0.0,0.0,0.0,0.028,0.017,Stratigraphic,24.30025716,39.87990944,45.61211684085721,2.327229797926295,15.733105113005555,9.79380833289289,11.308789299386087,8.50143195576656,0.17657583292023887,0.436479586993849,2.936317221594984,0.2331197794171693,0.48925393705765063,0.03,0.0,30.5,0.0,298.0,296.0,0.0,154.0,107.0,85.0,18.0,3.4,458.0,20.69,135.0,8.51,0.0,0.04,62.0,9.89,24.66,3.49,15.8,4.14,1.64,4.54,0.74,4.51,0.86,2.22,0.3,1.82,0.26,3.17,0.73,0.0,0.92,0.55,0.24,0.0,0.0,0.0,0.0,0.0,0.0,0.18,2.3894153800649462,0.04291721251083228,0.019439709605738546,0.0,0.0,12.04,100.00000000000001,44.40307761409326,12.041198173558607,10.30739773459511,1.8287187369343574,17.66632743185663,8.655085698522608,2.247285409440957,0.3340559392412232,1.7811255305907068,0.13514081178394952,0.032846323544389176,0.17841624027656247,0.014878016393955976,0.0,0.37444633916766207,0.0,0.21104536489151887,2.8249919471260228,1486.9398442866473,0.24,39.0,True
677,Arabia,Harrat_Rahat,Downs_2019,R14AC007,Medinah,bsof,0.0,0.0,0.0,0.028,0.017,Stratigraphic,24.31252998,39.88776965,45.70074423309832,2.4650043428831077,15.726053450573646,9.984556609451221,10.510477085503192,8.74551017869228,0.17847979956514856,0.4660305877534434,2.935001148404665,0.25582104604337963,0.5310765591505198,0.0,0.0,29.6,0.0,298.0,306.0,0.0,166.0,100.0,91.0,19.0,3.7,500.0,21.09,143.0,9.77,0.0,0.04,59.0,10.95,26.78,3.76,16.94,4.5,1.65,4.65,0.77,4.57,0.88,2.2,0.3,1.74,0.26,3.37,0.79,0.0,1.02,0.61,0.22,0.0,0.0,0.0,0.0,0.0,0.0,0.18,2.4359526258673387,0.0443472327575516,0.020945100256191198,0.0,0.0,12.28,100.0,44.45373460560611,11.98177529299811,10.455813504854369,1.8559670472483667,17.990071553357996,8.007996097464067,2.236195136650339,0.35507152507623574,1.8781017262543043,0.13598483939089906,0.033788425013135434,0.19491160312695552,0.015958198638187017,0.0,0.4046304443209187,0.0,0.2138364779874215,2.841465926627124,1489.6008150085809,0.24,39.0,True
678,Arabia,Harrat_Rahat,Downs_2019,R14TS008,Medinah,bsof,0.0,0.0,0.0,0.028,0.017,Stratigraphic,24.28876063,39.86888337,45.630877267986556,2.3232068382961852,15.603776074465836,9.939992229915923,11.080367371378474,8.858342043546084,0.17855560670081694,0.4265495048963961,2.7477723920070165,0.23410623989662663,0.4898375477159079,0.0,0.0,29.9,0.0,300.0,286.0,0.0,159.0,103.0,88.0,19.0,3.2,444.0,20.79,136.0,8.54,0.0,0.04,53.0,9.89,24.69,3.47,15.53,4.11,1.56,4.55,0.75,4.41,0.85,2.19,0.29,1.73,0.26,3.2,0.62,0.0,0.52,0.58,0.22,0.0,0.0,0.0,0.0,0.0,0.0,0.18,2.4250801633639565,0.04146632565534412,0.02007039417486641,0.0,0.0,12.22,100.00000000000001,44.43067671878864,11.972102707685595,10.397572255631792,1.860659154015581,17.879823046940416,8.501486792425176,2.1082469485244144,0.32727299200920557,1.7824961564780435,0.13699799665501636,0.0318153187591877,0.17961959561435475,0.015399145649009908,0.0,0.3758311708235951,0.0,0.20948616600790526,2.8078078256657792,1487.9387648669995,0.24,39.0,True
680,Arabia,Harrat_Rahat,Downs_2019,R15DD019,Medinah,bsof,0.0,0.0,0.0,0.028,0.017,Stratigraphic,24.29040967,39.86318955,45.654663016522576,2.298106761009837,15.76043005284692,9.597100137907288,11.267368495930837,8.847264699269635,0.18845070547771647,0.4463306182366969,2.7573313748844828,0.26184729603219553,0.5143712413723355,0.46,0.0,29.2,0.0,288.0,306.0,0.0,166.0,98.0,88.0,18.0,3.8,451.0,21.06,135.0,8.59,0.0,0.08,80.0,10.42,25.93,3.58,16.04,4.29,1.58,4.55,0.74,4.46,0.87,2.16,0.3,1.75,0.26,3.17,0.61,0.0,1.35,0.68,0.27,0.0,0.0,0.0,0.0,0.0,0.0,0.18,2.3414240808167426,0.04436026454980342,0.020951255142939704,0.0,0.0,11.8,100.0,44.55859594710779,12.410738448601494,10.061193996858005,1.843782293175738,17.109561738428226,8.87262358565847,2.1712934478988117,0.3514683638685142,1.8096715535185457,0.14839775363337243,0.034932018922854996,0.20619477346952836,0.01649831552039233,0.0,0.40504776333824694,0.0,0.19289749798224387,2.6741509834735133,1465.5266332592023,0.24,39.0,True
681,Arabia,Harrat_Rahat,Downs_2019,R15DD022,Medinah,bsof,0.0,0.0,0.0,0.028,0.017,Stratigraphic,24.32024168,39.90778075,45.83246513180773,2.345193670380811,15.971919667145118,9.680372180869695,11.0017757210335,8.72007291144134,0.1805521353677274,0.3769769859326177,2.7380433715105914,0.23709868325762004,0.4932446247518355,0.0,0.0,30.0,0.0,298.0,280.0,0.0,158.0,97.0,89.0,19.0,2.7,466.0,21.09,136.0,8.61,0.0,0.04,67.0,9.99,24.86,3.51,15.89,4.25,1.56,4.64,0.75,4.54,0.86,2.21,0.3,1.73,0.26,3.12,0.62,0.0,1.16,0.6,0.23,0.0,0.0,0.0,0.0,0.0,0.0,0.18,2.3617401308578225,0.04059923093130313,0.019945554712284857,0.0,0.0,11.9,99.99999999999999,44.64731818287831,12.433503991133698,10.163097857681771,1.8385207260618712,17.346327622855394,8.564444674638082,2.131457827051495,0.29346158488390156,1.8256399649093251,0.14055265381281534,0.031604885971201736,0.18457189154540157,0.01552682077600863,0.0,0.38397131580072597,0.0,0.20031987205117963,2.660953444472612,1467.717681239168,0.24,39.0,True
682,Arabia,Harrat_Rahat,Downs_2019,R15DS101,Medinah,bsof,0.0,0.0,0.0,0.028,0.017,Stratigraphic,24.28893612,39.86344562,46.20306838511508,2.3453737097361405,15.685430774504391,9.697386120323575,10.526402309771763,8.899324101663781,0.17858175454843705,0.4365331777850684,2.89699290711909,0.22322719318554635,0.48018649556357523,0.0,0.0,30.6,0.0,300.0,289.0,0.0,156.0,96.0,87.0,19.0,3.5,452.0,20.45,139.0,8.79,0.0,0.05,76.0,9.61,24.2,3.4,15.47,4.09,1.6,4.5,0.76,4.47,0.84,2.11,0.29,1.71,0.26,3.28,0.67,0.0,1.22,0.58,0.27,0.0,0.0,0.0,0.0,0.0,0.0,0.18,2.365891056343066,0.04190742317637263,0.019694591164116804,0.0,0.0,11.92,99.99999999999999,44.96488712069756,12.283948498525085,10.15407046468968,1.8528330083531004,17.31420584230336,8.243687132786299,2.2687621515302516,0.3418682694086671,1.8367649747320234,0.13985520112172745,0.032819540336833625,0.17481900140215936,0.015423697763707899,0.0,0.37605509634953294,0.0,0.1964644435516273,2.6251292353255447,1467.0412229233461,0.24,39.0,True
683,Arabia,Harrat_Rahat,Downs_2019,R15DS105,Medinah,bsof,0.0,0.0,0.0,0.028,0.017,Stratigraphic,24.32205332,39.94536319,45.8008810776994,2.3188059757397403,15.71987797924503,9.913738568134857,10.949366112988336,8.678166076870285,0.1814976448076871,0.4264698757776254,2.786931048686343,0.2340625364733014,0.5081934054615238,0.0,0.0,29.7,0.0,300.0,295.0,0.0,163.0,108.0,88.0,20.0,3.5,434.0,20.97,137.0,8.48,0.0,0.06,56.0,10.22,25.62,3.6,16.22,4.14,1.59,4.59,0.76,4.56,0.87,2.27,0.3,1.76,0.26,3.23,0.62,0.0,0.77,0.64,0.26,0.0,0.0,0.0,0.0,0.0,0.0,0.18,2.4186750039907614,0.04276322541367217,0.02057146871141991,0.0,0.0,12.19,99.99999999999999,44.5401937119871,12.007042797081425,10.39801628502799,1.8474147397003458,17.864546724327568,8.363265140680074,2.128693391785412,0.32574311689242896,1.771133505336047,0.1386302102123596,0.03266309562714955,0.1787799432246822,0.015712749522798993,0.0,0.38816458859460784,0.0,0.21228830248129194,2.7784984667063677,1485.1396765092268,0.24,39.0,True
684,Arabia,Harrat_Rahat,Downs_2019,R14DS040,Medinah,bsou,0.0,0.0,0.0,0.41,0.05,Stratigraphic,23.98961235,40.02135343,46.824462034922114,1.7941434032464856,15.96559265312866,9.58273140126903,10.37564945430314,9.084898804485526,0.1807050909744662,0.3177232368781824,2.859509131903641,0.19857702304886393,0.4118487458033438,0.0,0.0,30.3,0.0,262.0,298.0,0.0,182.0,97.0,89.0,18.0,1.8,366.0,21.73,118.0,6.26,0.0,0.02,38.0,8.1,20.74,2.98,13.88,3.93,1.45,4.33,0.74,4.55,0.89,2.24,0.31,1.9,0.28,2.85,0.44,0.0,0.86,0.44,0.14,0.0,0.0,0.0,0.0,0.0,0.0,0.18,2.337918510853702,0.04324578635634471,0.02299472282650082,0.0,0.0,11.77,99.99999999999999,45.530757120226795,12.692271988208919,10.014991714272675,1.858590424465614,17.021273227188395,8.248398151541252,2.273242744156815,0.25258252712853546,1.4263019578789484,0.1436563123043545,0.03437938664125573,0.15786407945533446,0.018280265740729117,0.0,0.32741010079036387,0.0,0.18666124440829615,2.445578179198208,1452.8632960050127,0.24,39.0,True
685,Arabia,Harrat_Rahat,Downs_2019,R16MS086,Medinah,bsou,0.0,0.0,0.0,0.41,0.05,Stratigraphic,23.9936269,39.94307683,46.987420378580566,1.5162677708810761,16.21522770038505,9.266014623938347,11.041845194628399,9.155198983315994,0.18568570606074739,0.31775094085261585,2.4029914901979073,0.18171381930008967,0.3811025346851061,0.69,0.0,35.4,0.0,258.0,434.0,0.0,199.0,117.0,85.0,19.0,1.9,291.0,22.6,121.0,6.84,0.0,0.01,59.0,7.34,19.19,2.82,13.17,3.62,1.42,4.33,0.75,4.56,0.93,2.45,0.34,2.03,0.32,2.77,0.45,0.0,0.87,0.38,0.13,0.0,0.0,0.0,0.0,0.0,0.0,0.18,2.2606484731772545,0.0629876101297436,0.025144773867111177,0.0,0.0,11.38,100.00000000000001,45.7983397337931,13.22358219068745,9.685908408607425,1.8435677525886225,16.306356341950785,9.004668338055376,1.9596490447926278,0.2591271464188599,1.2365223518174961,0.15142742618852117,0.05136664467103733,0.14818833685828525,0.020505662334306847,0.0,0.31079062123611956,0.0,0.16943521594684396,2.2241510013483055,1426.756744818876,0.24,39.0,True
693,Arabia,Harrat_Rahat,Downs_2019,R15DD144,Medinah,bte,0.0,0.0,0.0,0.41,0.05,Stratigraphic,24.22954988,39.71464447,46.16990813539151,1.9665327982098917,15.611336477724693,9.728984892918032,10.724740361205155,8.960411540230554,0.19427440950057398,0.42621426574105514,2.9042041828402128,0.3082619456871352,0.5669640930322872,0.3,0.0,32.1,0.0,264.0,282.0,0.0,188.0,93.0,91.0,19.0,1.9,374.0,25.04,145.0,10.51,0.0,0.01,88.0,11.66,28.6,3.97,17.99,4.69,1.74,5.19,0.87,5.34,1.02,2.67,0.37,2.2,0.33,3.34,0.75,0.0,1.22,0.72,0.18,0.0,0.0,0.0,0.0,0.0,0.0,0.18,2.373600273295453,0.04085424310874642,0.02371238111470526,0.0,0.0,11.97,99.99999999999999,44.94179246309605,12.232034967380203,10.174528784716438,1.859799869342431,17.349699460343874,8.403213863304975,2.2755468225031046,0.3339539705379977,1.5408480873195114,0.15222087959406413,0.03201074622823521,0.24153415078445925,0.018579490319024495,0.0,0.4442364445296159,0.0,0.19614147909967858,2.6397492568166108,1467.7139661603997,0.24,39.0,True
694,Arabia,Harrat_Rahat,Downs_2019,R15DS190,Medinah,bte,0.0,0.0,0.0,0.41,0.05,Stratigraphic,24.2280272,39.72153005,46.38208805447359,1.6867116353713751,15.626157234105614,9.296670063726722,11.06935534690455,9.828396227296416,0.1816764151106307,0.297830188705952,2.6506886794829727,0.21840880505103144,0.41239553462817485,0.33,0.0,31.9,0.0,264.0,364.0,0.0,227.0,118.0,87.0,18.0,1.3,335.0,22.14,116.0,7.18,0.0,0.01,68.0,8.23,20.77,3.0,13.72,3.85,1.46,4.3,0.74,4.52,0.89,2.34,0.33,1.96,0.29,2.77,0.5,0.0,0.88,0.49,0.13,0.0,0.0,0.0,0.0,0.0,0.0,0.18,2.268127543302305,0.05281744392926448,0.02867682791137651,0.0,0.0,11.42,99.99999999999997,45.419999434089675,13.03309140328817,9.63207613545233,1.891745561196278,16.17895689482689,9.23246309699255,2.2108230017013595,0.2484070788428481,1.4068120898466685,0.1515283180941382,0.04405271008765402,0.18216519115142243,0.023918082592282817,0.0,0.3439610018377319,0.0,0.15361828184511223,2.342989709982602,1433.563683789187,0.24,39.0,True
1016,Arabia,Harrat_Rahat,Stelten_2018,R14TS002,Medinah,0.0,Basalt,bda,0.0,0.2193,0.0186,Stratigraphic,24.19420685,39.87291826,47.003079460135105,1.8547321922442004,16.23634544761367,9.426205245267608,10.13655775654317,8.708314784975443,0.16861201747674548,0.3967341587688129,2.9755061907660965,0.2182037873228471,0.5064311536683898,0.98,0.0,27.8,0.0,243.0,330.0,0.0,172.0,95.0,80.0,19.0,3.28,414.24,21.47,124.23,9.24,0.0,0.13,48.52,9.62,25.53,3.18,14.28,3.68,1.4,4.18,0.69,4.38,0.88,2.27,0.31,1.88,0.28,2.82,0.76,0.0,0.78,0.76,0.24,0.0,0.0,0.0,0.0,0.0,0.0,0.18,2.2997305055528305,0.047838998332661,0.02170830133243252,0.0,0.0,11.59,100.00000000000001,45.662153878236616,12.888172188415512,9.908560214104186,1.8254922475102218,16.756025190263713,8.046250443836666,2.3619130461360016,0.31492173948480034,1.4722591320914422,0.1338417392810404,0.03797389319055624,0.17320695671664083,0.017231730280259604,0.0,0.40199760045234767,0.0,0.18765231519090184,2.399255297149023,1442.3519621662203,0.24,39.0,True
1019,Arabia,Harrat_Rahat,Stelten_2018,R14TS077,Medinah,0.0,Basalt,bda,0.0,0.2193,0.0186,Stratigraphic,24.16576582,39.82109458,47.27619488596921,1.8362578320185396,16.39728615402501,9.009971267224373,10.253266705271088,8.61552323347077,0.16873720618548743,0.39702872043644094,3.0968240194042393,0.21836579624004254,0.46591320343216347,0.0,0.0,26.86,0.0,242.0,317.0,0.0,162.0,94.0,79.0,17.0,2.33,423.0,20.29,124.56,9.33,0.0,0.02,55.18,9.84,23.47,3.21,14.16,3.79,1.44,4.1,0.69,4.24,0.82,2.11,0.3,1.75,0.26,2.88,0.7,0.0,0.9,0.7,0.23,0.0,0.0,0.0,0.0,0.0,0.0,0.18,2.198181053589199,0.04598855133984974,0.020461371393592526,0.0,0.0,11.07,99.99999999999999,46.03076409244173,13.372051578210165,9.493487532015179,1.7926253253574962,15.85293753837551,8.361579467488541,2.5254722108968304,0.3237784885765162,1.4974755096663872,0.13760585764501967,0.03750384513309736,0.17807816871708407,0.016686329131901496,0.0,0.37995405634454305,0.0,0.16943521594684396,2.2469885262594946,1420.3944300757607,0.24,39.0,True
1020,Arabia,Harrat_Rahat,Stelten_2018,R14TS130,Medinah,0.0,Basalt,bda,0.0,0.2193,0.0186,Ar-Ar,24.16510776,39.79702249,47.23798281730083,1.8851536936120894,16.261931072790606,9.234276540235642,10.090533191597343,8.582410236707672,0.1686716462705554,0.4167181849037251,3.0956208021419576,0.22820281554251612,0.4792259126392838,0.0,0.0,26.97,0.0,247.0,314.0,0.0,165.0,98.0,78.0,18.0,3.07,432.78,20.98,128.37,9.72,0.0,0.02,55.29,10.15,24.15,3.32,14.84,3.82,1.45,4.24,0.7,4.36,0.84,2.17,0.3,1.78,0.27,2.97,0.66,0.0,0.96,0.66,0.23,0.0,0.0,0.0,0.0,0.0,0.0,0.18,2.2529052682098536,0.04553562950079985,0.020832188547106757,0.0,0.0,11.35,99.99999999999999,45.89817364078535,13.025153085023817,9.731551667464949,1.8044865565559394,16.380469784551952,8.082111462763356,2.479467823384644,0.33377451468639435,1.50993232834321,0.13509920832544517,0.03647220876881168,0.18278128185207357,0.016685745604724293,0.0,0.3838406918893532,0.0,0.181669394435352,2.3330194295866575,1434.0304847961625,0.24,39.0,True
1021,Arabia,Harrat_Rahat,Stelten_2018,R15MS044,Medinah,0.0,Basalt,bda,0.0,0.2193,0.0186,Stratigraphic,24.16415941,39.8505462,47.57271633442056,1.63906832223416,16.43041821197152,8.870637759931277,10.33109730377895,8.990041403769181,0.1688737059271559,0.30794616963187255,2.89072049557661,0.17880745333463563,0.3838399998250179,0.0,0.0,28.01,0.0,240.0,335.0,0.0,182.0,110.0,81.0,18.0,1.9,392.77,19.72,107.97,7.17,0.0,0.02,39.55,7.9,19.32,2.72,12.35,3.35,1.32,3.87,0.66,4.02,0.8,2.12,0.29,1.72,0.25,2.53,0.51,0.0,0.76,0.51,0.14,0.0,0.0,0.0,0.0,0.0,0.0,0.18,2.1641875738346097,0.0486392034560876,0.023006062308352747,0.0,0.0,10.89,100.0,46.41243491396061,13.710742104555152,9.294542234186595,1.8059563249040802,15.448121058050635,8.621022846878692,2.4122285081170096,0.2569727963973454,1.367758432437482,0.140920565766286,0.040588107140906514,0.14921001081136157,0.01919794025214289,0.0,0.32030415654172256,0.0,0.15325994919559704,2.089740488484346,1406.3926427253691,0.24,39.0,True
1023,Arabia,Harrat_Rahat,Stelten_2018,R15MS013,Medinah,0.0,Basalt,bda,0.0,0.2193,0.0186,Stratigraphic,24.1841617,39.87646304,47.16274370023207,1.5008586509452144,16.231140244990296,9.324009823037661,11.321046380308603,8.607573455089772,0.17891030276168118,0.27830491540705965,2.624017773837991,0.12921299643899195,0.3124966621570698,0.0,0.0,33.97,0.0,273.0,242.0,0.0,156.0,103.0,90.0,20.0,2.37,262.36,21.47,112.31,6.7,0.0,0.03,57.31,6.18,15.72,2.29,10.94,3.12,1.31,3.89,0.69,4.35,0.87,2.39,0.33,1.99,0.32,2.67,0.61,0.0,0.57,0.61,0.19,0.0,0.0,0.0,0.0,0.0,0.0,0.18,2.274797680103474,0.0351565901338814,0.019730824556234074,0.0,0.0,11.44,100.0,45.796849092398624,12.903376100342307,9.824426519172807,1.8084108433245043,16.62953238863583,8.999966551310374,2.086032633490733,0.22124588537022843,1.1931474532465893,0.142229497738004,0.027948665223508827,0.10272130392189191,0.01568554310887292,0.0,0.24842752271571397,0.0,0.18666124440829615,2.3058161635681405,1442.330361705055,0.24,39.0,True
1047,Arabia,Harrat_Rahat,Stelten_2018,R15TS200,Medinah,0.0,Basalt,burr,0.0,0.3664,0.0093,Stratigraphic,24.19734401,39.96806177,46.359825703599626,1.5098027527992215,15.206575438324185,9.71010397878715,10.15416361196339,10.351523448930608,0.17762385327049662,0.2763037717541059,2.6347538235123666,0.1578878695737748,0.9976539758692893,0.0,0.0,24.02,0.0,245.0,423.0,0.0,269.0,104.0,88.0,19.0,6.44,582.84,30.67,215.49,21.77,0.0,0.06,128.39,21.41,50.55,6.77,29.98,7.05,2.58,7.19,1.12,6.51,1.26,3.24,0.44,2.57,0.39,4.84,1.48,0.0,1.61,1.48,0.46,0.0,0.0,0.0,0.0,0.0,0.0,0.18,2.368993858193119,0.0610095306259371,0.03377838279673566,0.0,0.0,12.0,100.0,45.37084059208627,12.600984089841141,9.982333582035533,1.9630753838757014,16.821840735159743,8.414284638836207,2.1832983465201745,0.22896012622683512,1.251103546882347,0.14718865257439412,0.05055576963164263,0.1308343578439061,0.02799057985991474,0.0,0.8267095986261805,0.0,0.15824915824915833,2.372346236135158,1430.55169937954,0.24,39.0,True
1064,Arabia,Harrat_Rahat,Stelten_2018,R14AC022,Medinah,0.0,Basalt,bd1,0.0,0.7058,0.012,Stratigraphic,24.22734662,39.91081402,46.996799829335686,1.9367899004520173,15.178108607623972,9.909842446771991,8.191830752422053,9.57525210988778,0.18775004137034862,0.7806449088556601,3.468434974789072,0.415026407239718,0.8405272904716765,0.49,0.0,22.02,0.0,179.0,460.0,0.0,277.0,81.0,87.0,17.0,7.44,418.04,27.92,227.94,18.37,0.0,0.05,91.87,18.29,42.53,5.66,24.03,5.71,1.98,5.79,0.96,5.82,1.12,2.92,0.4,2.53,0.38,4.94,1.26,0.0,1.55,1.26,0.47,0.0,0.0,0.0,0.0,0.0,0.0,0.18,2.4177244593210476,0.06643742727093406,0.034830844188065216,0.0,0.0,12.23,100.00000000000004,45.66220410992043,12.048159350925836,10.265615714779505,1.919154112383901,17.466000972191402,6.502554753852559,2.7531926641764217,0.6196644457832962,1.5373953338420996,0.1490332211377546,0.052737052508880715,0.32944185725187924,0.027648211773520264,0.0,0.6671981994724941,0.0,0.18765231519090184,2.5960122288895366,1459.903311991467,0.24,39.0,True
1066,Arabia,Harrat_Rahat,Stelten_2018,R15DD087,Medinah,0.0,Basalt,bd1,0.0,0.7058,0.012,Stratigraphic,24.21635138,39.9084906,46.722080977305104,1.7245740538928906,15.263471511465815,8.720596132518384,10.932213686458956,9.92125648245278,0.16849286733436292,0.5946807082389278,2.9139354703707467,0.23787228329557117,0.5685147570764151,0.38,0.0,31.58,0.0,274.0,514.0,0.0,240.0,101.0,80.0,19.0,6.84,419.28,21.67,151.94,18.21,0.0,0.05,164.75,12.59,28.68,3.85,16.87,4.21,1.5,4.4,0.76,4.5,0.88,2.24,0.3,1.87,0.29,3.44,1.49,0.0,1.04,1.49,0.39,0.0,0.0,0.0,0.0,0.0,0.0,0.18,2.127581612189817,0.07446020935087945,0.030269248049361427,0.0,0.0,10.73,100.0,45.946110214332954,13.316403278801769,9.01472615040168,1.856178965263577,14.821409572558467,9.53765767306382,2.542222444134876,0.5188209069663008,1.5045806302022728,0.14699925697378505,0.06496177328961336,0.2075283627865206,0.02640798416458469,0.0,0.4959927870597844,0.0,0.12010558732952054,2.172446541439922,1400.6207464044169,0.24,39.0,True
1068,Arabia,Harrat_Rahat,Stelten_2018,R16MS100,Medinah,0.0,Basalt,bd1,0.0,0.7058,0.012,Stratigraphic,24.21499963,39.89117914,47.25488621413081,1.7369470883160876,16.27767557050505,9.082942968341818,10.381980882163587,8.853467444445428,0.16873200286499138,0.3573148295964523,2.9577727561039664,0.20843365059793048,0.42778525432241926,0.0,0.0,27.09,0.0,242.0,359.0,0.0,190.0,93.0,77.0,17.0,2.15,409.57,20.12,115.57,8.2,0.0,0.01,47.12,9.1,21.55,3.02,13.48,3.55,1.37,4.05,0.68,4.15,0.82,2.13,0.29,1.78,0.26,2.76,0.59,0.0,0.99,0.59,0.19,0.0,0.0,0.0,0.0,0.0,0.0,0.18,2.215984108236892,0.0520800656730013,0.023997164701578404,0.0,0.0,11.16,100.0,46.031888320778386,13.314382013882172,9.535994201939896,1.8125719993596454,15.960216061768815,8.491977796659013,2.4193206342298117,0.2922669222559498,1.4207419831886494,0.13801493550975444,0.042599072986493826,0.17048903798263756,0.019628565313453434,0.0,0.3499084541453193,0.0,0.16736053288925906,2.2355444621302,1422.5384704989979,0.24,39.0,True
1077,Arabia,Harrat_Rahat,Stelten_2018,R15DS161,Medinah,0.0,Basalt,bwar,0.0,0.15,0.0,Stratigraphic,24.25004546,39.87642145,46.412851425155836,1.5500759628183067,15.381523015658583,8.995210048847158,11.476523955481694,10.522631055285812,0.17885491878672768,0.22853684067192984,2.494032478637147,0.139109381278566,0.3191566661905384,0.0,0.0,34.77,0.0,281.0,522.0,0.0,246.0,130.0,83.0,18.0,1.67,307.72,20.04,97.82,4.29,0.0,0.01,32.01,6.1,16.06,2.4,11.36,3.33,1.25,3.77,0.68,4.17,0.84,2.12,0.29,1.76,0.27,2.43,0.5,0.0,0.61,0.5,0.12,0.0,0.0,0.0,0.0,0.0,0.0,0.18,2.1945797290563758,0.07581016129661755,0.0311043608346685,0.0,0.0,11.04,99.99999999999997,45.67535691190095,13.41268932589703,9.24694503571606,1.9136737029733022,15.369259155407727,10.007529826492949,2.1747965250647003,0.1992841437310282,1.3516663661756707,0.1559615037895004,0.06610646684223288,0.12130339183627782,0.027123005188192394,0.0,0.2783046389843757,0.0,0.12049252418645566,2.1704605973410773,1414.2643066234868,0.24,39.0,True
1078,Arabia,Harrat_Rahat,Stelten_2018,R14TRO032,Medinah,0.0,Basalt,bwar,0.0,0.15,0.0,Stratigraphic,24.23850504,39.86191324,47.15541585958956,1.471121742668477,15.77479868658698,8.77027118913007,11.639753788275586,9.512591268471166,0.16898020017137913,0.19880023549574016,2.6341031203185565,0.1391601648470181,0.3017787574825335,0.19,0.0,31.6,0.0,249.0,467.0,0.0,203.0,127.0,77.0,18.0,1.25,331.5,19.86,97.27,4.47,0.0,0.01,38.27,5.89,15.18,2.24,10.52,3.01,1.22,3.58,0.64,4.04,0.8,2.12,0.29,1.76,0.25,2.33,0.34,0.0,0.57,0.34,0.14,0.0,0.0,0.0,0.0,0.0,0.0,0.18,2.1397009369957676,0.06784726005083397,0.025676789916335426,0.0,0.0,10.76,100.0,46.2096499544212,13.496800182119268,9.121443075669434,1.8307121738853442,15.09815549657815,9.958886586806353,2.253718997014253,0.17009199977466005,1.258680798332485,0.144578199808461,0.058049610014295115,0.11906439984226229,0.021968870075895448,0.0,0.2581996556579343,0.0,0.13494809688581322,2.050146752635316,1405.8503838664915,0.24,39.0,True
1106,Arabia,Harrat_Rahat,Moufti_2012,MR-126,Medinah,0.0,0.0,0.0,0.0,0.85,0.85,Stratigraphic,24.406975,39.70879,46.71711854923342,1.8170011534921968,16.21168807504848,9.116412268904085,10.548701143092115,9.226328080788512,0.1716056646949493,0.36340023030151114,2.846635140669572,0.21198346751049477,0.48425234271465095,0.0,0.0,30.0,0.0,274.0,219.0,60.4,169.0,72.5,0.0,17.4,2.9,449.3,19.7,129.0,7.4,0.0,0.0,36.0,9.0,24.4,3.31,17.1,3.68,1.36,3.93,0.69,3.83,0.75,1.95,0.29,1.76,0.25,2.9,0.5,0.0,2.9,0.5,0.2,0.0,0.0,0.0,0.0,0.0,88.0,0.18,2.2241496817099717,0.0317632225574733,0.021340097731893947,0.007620881550656844,0.0,11.20361551,100.0,45.65450280680526,13.413743657464202,9.51866950318443,1.8402879174690083,15.916939101246946,8.72812087165782,2.3553397947521892,0.3006816755764252,1.5034083795242468,0.14198856934150092,0.026281268375542566,0.17539764394940505,0.017657050843547163,0.0063056080952941535,0.4006761517141645,0.0,0.15931063472047088,2.286109882167081,1421.2794962973849,0.24,39.0,True
1108,Arabia,Harrat_Rahat,Moufti_2012,MR-143,Medinah,0.0,0.0,0.0,0.0,0.85,0.85,Stratigraphic,24.448995,39.79955667,46.714402075936476,1.6059346234257394,15.947540659906192,8.901871782102006,10.601201342097308,10.204799756696744,0.16262629131911197,0.31508843924464097,2.6934979437061317,0.17279043371995667,0.3831969558335397,0.0,0.0,29.0,0.0,251.0,561.0,62.1,285.0,100.9,0.0,17.3,2.4,439.2,17.0,101.4,7.4,0.0,0.0,43.0,7.1,19.3,2.62,11.4,2.96,1.12,3.33,0.61,3.36,0.68,1.84,0.28,1.65,0.25,2.6,0.5,0.0,1.5,0.5,0.2,0.0,0.0,0.0,0.0,0.0,88.0,0.18,2.1718078018827103,0.08140032544885367,0.036002892744813754,0.007838675935792662,0.0,10.93535123,100.00000000000003,45.918373730569904,13.857682057220128,9.179653295661277,1.887201459441689,15.20205215181326,9.211958179401417,2.340526286883608,0.27379741516731293,1.395483597797975,0.14131479500854638,0.07073315274626737,0.15014696899568247,0.03128486400741119,0.0068114501906173935,0.3329805950949076,0.0,0.12319158263919341,2.1371959330521944,1403.3911824494976,0.24,39.0,True
1109,Arabia,Harrat_Rahat,Moufti_2012,MR-145,Medinah,0.0,0.0,0.0,0.0,0.85,0.85,Stratigraphic,24.45968667,39.791305,46.86830022488051,1.6265997711466573,16.04372941588433,8.758959908935589,10.588053165450107,10.032382441387371,0.16164966671630493,0.32329933343260986,2.788456750111616,0.17175277069991296,0.39714352784110524,0.0,0.0,30.0,0.0,264.0,411.0,61.1,280.0,106.7,0.0,17.1,2.3,400.6,17.9,104.9,7.2,0.0,0.0,39.0,7.4,20.0,2.65,13.4,2.99,1.16,3.56,0.63,3.57,0.72,1.92,0.29,1.66,0.25,2.5,0.5,0.0,1.0,0.5,0.2,0.702903,0.512995,0.0,0.0,0.0,88.0,0.18,2.1369413009128198,0.05964277672506048,0.03537555974244645,0.0077133861335532215,0.0,10.75848672,100.00000000000001,46.0740223796514,13.99712842765824,9.046355223087621,1.8643446954191334,14.919855520946449,9.23739961663456,2.4327502810936346,0.28205800368038086,1.4191043308545057,0.14102900184019043,0.05203451042849706,0.14984331429278916,0.030862914730105308,0.006729436375096805,0.3464823433073843,0.0,0.12010558732952054,2.093391665548231,1396.5213506397358,0.24,39.0,True
1135,Arabia,Harrat_Rahat,Moufti_2012,MR-124,Medinah,0.0,0.0,0.0,0.0,0.85,0.85,Stratigraphic,24.39041,39.74347667,46.11096597751494,1.9267258906936764,16.618010801155066,9.129387103586724,11.048568783369275,8.770616814422015,0.170595521256571,0.37129613484982255,2.859983744199989,0.22077067515103854,0.48821619157252677,0.0,0.0,31.0,0.0,274.0,226.0,54.2,142.0,76.7,0.0,18.8,2.6,452.0,19.3,135.0,7.3,0.0,0.0,38.0,9.0,24.6,3.37,15.6,3.83,1.37,4.0,0.71,3.9,0.76,2.08,0.3,1.83,0.26,3.3,0.4,0.0,0.8,0.5,0.2,0.0,0.0,0.0,0.0,0.0,88.0,0.18,2.227315178571941,0.03277812063946007,0.017930533482967016,0.006838529533958975,0.0,11.21968578,100.0,45.06721599535359,13.51146829246352,9.595161542725753,1.8109446896319115,16.076320074311862,8.983168237152697,2.325343275985439,0.3018866706229926,1.5665470489745223,0.1387046863716227,0.026650634844684728,0.1795001828378694,0.01457863022963166,0.005560146522394821,0.396949891971486,0.0,0.171499585749793,2.4253735952892908,1430.042497272469,0.24,39.0,True
1171,Arabia,Harrat_Rahat,Moufti_2012,MR-163,Medinah,0.0,0.0,0.0,0.0,0.85,0.85,Stratigraphic,24.35887333,39.85378,44.79656388260992,2.5213255895584488,14.591285841262886,10.123454162204066,9.761276579445104,11.249769996575584,0.18226450025900437,0.5062902790476972,2.855477174027179,0.2733967503885065,0.5449582952585673,0.0,0.0,26.0,0.0,271.0,541.0,62.9,300.0,67.4,0.0,17.3,4.5,482.5,20.6,143.3,11.4,0.0,0.0,75.0,10.8,27.5,3.82,17.2,3.98,1.4,4.09,0.68,3.84,0.74,1.99,0.29,1.76,0.25,3.2,0.7,0.0,0.8,0.7,0.3,0.0,0.0,0.0,0.0,0.0,88.0,0.18,2.469839744904208,0.07834772272605595,0.0378250598572651,0.007924421875508687,0.0,12.45989235,100.0,44.06982276565438,12.060939609092484,10.310809800510096,2.0415327567078814,17.6558179677739,8.068525873121194,2.3602949133990183,0.41849200589276925,2.084090189264088,0.1506571219575954,0.06476106099139355,0.22598568293639337,0.03126563125496953,0.006550209125997751,0.4504544123178327,0.0,0.16001679966400684,2.911974254636207,1486.2596603940542,0.24,39.0,True
1172,Arabia,Harrat_Rahat,Moufti_2012,MR-165,Medinah,0.0,0.0,0.0,0.0,0.85,0.85,Stratigraphic,24.36548167,39.861665,45.34659071307517,2.635251136833704,15.16282961958281,9.976181280669275,10.206530366064912,9.466632928707309,0.1824404629611222,0.5371858083231705,3.071081132620826,0.2837962764877555,0.5963316472610288,0.0,0.0,28.0,0.0,301.0,465.0,57.1,212.0,83.7,0.0,18.1,4.4,508.1,21.9,155.6,12.6,0.0,0.0,72.0,11.7,30.1,4.09,19.4,4.33,1.5,4.37,0.74,3.93,0.79,2.18,0.31,1.87,0.27,3.5,0.9,0.0,0.7,1.0,0.4,0.0,0.0,0.0,0.0,0.0,88.0,0.18,2.433909279834369,0.06732445615798582,0.026722988119868396,0.0071919033006671,0.0,12.28171777,99.99999999999997,44.303809165572,11.892497545373553,10.349125685590238,1.9089616425359872,17.730721363633013,8.005177158255721,2.4087077245903337,0.421325113265277,2.066877915436201,0.14309154771084603,0.05280385981310547,0.2225868525989309,0.020959351162934587,0.005640747439335835,0.4677143270225215,0.0,0.1954947707160098,2.886333127992261,1487.4922916096002,0.24,39.0,True
1175,Arabia,Harrat_Rahat,Moufti_2012,MR-5,Medinah,0.0,0.0,0.0,0.0,0.85,0.85,Stratigraphic,24.34113833,39.77866667,46.6957088250158,1.6677038864658025,15.702537203534478,9.065612491345782,11.39262775358598,9.503902872284874,0.17078895227031313,0.28129945068129997,2.672344782465683,0.19088176989231048,0.3715069926125883,0.0,0.0,32.0,0.0,274.0,308.0,55.4,171.0,92.2,0.0,18.0,2.0,351.0,19.4,108.0,5.1,0.0,0.0,30.0,6.5,18.7,2.76,13.1,3.3,1.21,3.73,0.66,3.57,0.73,2.06,0.31,1.75,0.27,2.6,0.3,0.0,0.4,0.4,0.2,0.0,0.0,0.0,0.0,0.0,88.0,0.18,2.211755956442343,0.04471720403315192,0.021614703963908473,0.006997155405701229,0.0,11.12981405,100.00000000000003,45.704181365337035,13.155850174364335,9.43290947119312,1.8530463967736313,15.761528890258678,9.544935437869633,2.2389354737175506,0.2356774181984549,1.3972304081286149,0.14308986110850636,0.037464826788896885,0.1599239621706156,0.018109163075150248,0.0058623346641986426,0.3112548163515748,0.0,0.1503823279524215,2.2384111718487723,1423.6921432047807,0.24,39.0,True
1176,Arabia,Harrat_Rahat,Moufti_2012,MR-9,Medinah,0.0,0.0,0.0,0.0,0.85,0.85,Stratigraphic,24.35321667,39.75374167,45.773818390106776,2.010268703816444,15.931379475364372,9.626283536140374,10.302627111027524,9.588981717442534,0.1809241834228449,0.40205374116011355,2.995300368567454,0.2814376182168425,0.4880943144528558,0.0,0.0,28.0,0.0,254.0,274.0,58.1,184.0,114.0,0.0,17.8,3.1,447.8,19.4,127.8,7.6,0.0,0.0,43.0,9.1,24.6,3.47,16.2,3.82,1.37,3.99,0.67,3.6,0.71,1.97,0.3,1.65,0.24,3.2,0.6,0.0,0.8,0.6,0.2,0.0,0.0,0.0,0.0,0.0,88.0,0.18,2.34854401396333,0.039729924817312315,0.02322813064755928,0.0073287708536661465,0.0,11.83330752,99.99999999999999,44.77081232968432,12.87572748312801,9.991653603267228,1.8980912954012603,16.941740935290742,8.326574559786694,2.4207992368410687,0.32493949521162324,1.624697474454548,0.1462227727650524,0.03210969179812203,0.22745764616706737,0.018772955639086427,0.005923106435573649,0.39447741412960335,0.0,0.1755976916735368,2.641421605272687,1458.3885298968935,0.24,39.0,True
1177,Arabia,Harrat_Rahat,Moufti_2012,MR-11,Medinah,0.0,0.0,0.0,0.0,0.85,0.85,Stratigraphic,24.344955,39.77567,46.063718221950936,1.6081594843100633,16.03133985722905,9.247736104856262,11.086249446154632,10.050996776937895,0.1809179421835712,0.26132591659776344,2.613259161010407,0.1708669450092551,0.3536666360975936,0.0,0.0,30.0,0.0,257.0,308.0,59.1,185.0,93.4,0.0,18.0,2.0,364.1,18.3,102.2,4.8,0.0,0.0,28.0,6.3,17.8,2.56,11.7,3.15,1.11,3.45,0.6,3.37,0.67,1.88,0.27,1.61,0.23,2.8,0.3,0.0,0.7,0.3,0.2,0.0,0.0,0.0,0.0,0.0,88.0,0.18,2.2561890256227364,0.044722219055796285,0.023386951396158637,0.007465311587884026,0.0,11.3521333,100.0,45.20775115354248,13.518892590611099,9.557480308744312,1.9025968741942259,16.025650191977686,9.348801586768394,2.2037066286258913,0.2203706632814654,1.3561271565930113,0.1525643052842644,0.03771330913157942,0.1440885102204574,0.019721725492828447,0.006295340652175073,0.298239654880133,0.0,0.14566424604869724,2.3580447351040794,1429.8025493523742,0.24,39.0,True
1178,Arabia,Harrat_Rahat,Moufti_2012,MR-22,Medinah,0.0,0.0,0.0,0.0,0.85,0.85,Stratigraphic,24.52126167,39.67997833,46.11607953768952,1.9273590052817506,16.593356438422248,9.480499058524632,10.068443136295073,9.19510858773968,0.18068990717910355,0.381456469939993,2.9111151644962736,0.2509582036990772,0.5237028755032609,0.0,0.0,29.0,0.0,288.0,212.0,62.1,156.0,75.6,0.0,20.0,3.1,507.3,21.5,139.6,8.5,0.0,0.0,44.0,10.0,26.4,3.72,17.6,4.04,1.45,4.17,0.72,3.89,0.77,2.11,0.3,1.75,0.27,3.3,0.5,0.0,0.8,0.6,0.2,0.0,0.0,0.0,0.0,0.0,88.0,0.18,2.312976677831187,0.030733741295670455,0.019689442768210667,0.007831753334312274,0.0,11.65645016,100.0,45.02885666825192,13.363892863553273,9.894773481886503,1.8628161597770407,16.720435827338445,8.108883568888107,2.3445426075288136,0.3072159279712315,1.5522488986344611,0.14552333459646485,0.024752221016627298,0.20211574191816348,0.01585740682868439,0.006307507036441208,0.42177778477383404,0.0,0.17796958487464049,2.512454716124823,1442.1344351221655,0.24,39.0,True
1179,Arabia,Harrat_Rahat,Moufti_2012,MR-36,Medinah,0.0,0.0,0.0,0.0,0.85,0.85,Stratigraphic,24.45618333,39.70769667,46.45884919172137,1.6711092017172413,16.107076643775738,9.18068432510455,10.832009041499017,9.603844447932557,0.1711376891290584,0.312074609588283,2.778470720604367,0.19127153490894758,0.38338214633997003,0.0,0.0,29.0,0.0,255.0,281.0,57.2,176.0,92.3,0.0,17.9,2.3,390.0,18.6,108.0,5.7,0.0,0.0,32.0,7.0,19.3,2.83,13.0,3.36,1.19,3.43,0.63,3.61,0.7,1.95,0.27,1.61,0.24,2.9,0.4,0.0,1.4,0.3,0.1,0.0,0.0,0.0,0.0,0.0,88.0,0.18,2.2398302662562317,0.040792416572650404,0.022244110231683857,0.007223654618361853,0.0,11.272406,100.00000000000003,45.485568535426616,13.440922262112808,9.53926573638671,1.8690781173324331,15.971699413283119,9.039020220069101,2.3185590898415014,0.2604178685072707,1.3944956846320427,0.1428097988588257,0.03404017452469214,0.15961095166574643,0.018562111736735727,0.006027945500046629,0.3199220901223425,0.0,0.15325994919559704,2.324605682333126,1427.3521190229626,0.24,39.0,True
1188,Arabia,Harrat_Rahat,Moufti_2012,MR-88,Medinah,0.0,0.0,0.0,0.0,0.85,0.85,Stratigraphic,24.46823667,39.74865833,46.66598696101239,1.7577588711735932,15.960450553751226,9.085975492575887,11.149213417628271,9.200612150551414,0.17075371904450137,0.3214187652018321,2.7621925125534306,0.2209754007659789,0.41900304153292317,0.0,0.0,31.0,0.0,278.0,287.0,57.0,159.0,94.6,0.0,18.3,2.3,395.8,20.6,119.0,6.1,0.0,0.0,34.0,7.6,21.1,3.08,14.9,3.52,1.27,3.81,0.68,3.71,0.75,2.07,0.29,1.8,0.25,3.2,0.5,0.0,0.8,0.4,0.1,0.0,0.0,0.0,0.0,0.0,88.0,0.18,2.216723959354967,0.04165001437435957,0.020089061110367894,0.007196079368867151,0.0,11.15971193,100.0,45.61481047555822,13.212469675598767,9.492036775747625,1.8350608583081012,15.87999652912995,9.229604370571487,2.286613694730603,0.2660786845644204,1.4551178053640434,0.1413543012005343,0.03447894845174905,0.18292909538118096,0.016630239217752012,0.005957098775135319,0.3468614474004462,0.0,0.15895710681244754,2.2820433283508605,1425.0956213222034,0.24,39.0,True
1189,Arabia,Harrat_Rahat,Moufti_2012,MR-89,Medinah,0.0,0.0,0.0,0.0,0.85,0.85,Stratigraphic,24.478795,39.74088,46.511795045396255,1.889007877822503,16.46853144764893,9.066970819828606,10.851747380701669,8.761781222903473,0.17081454204849972,0.36172491269005563,2.9440388739955643,0.2311020278276684,0.4664647766848804,0.0,0.0,29.0,0.0,267.0,267.0,55.6,144.0,83.8,0.0,18.8,2.7,444.9,20.4,127.6,7.2,0.0,0.0,37.0,8.7,23.5,3.37,16.0,3.76,1.34,4.03,0.68,3.73,0.75,2.05,0.28,1.74,0.25,3.3,0.5,0.0,0.8,0.6,0.2,0.0,0.0,0.0,0.0,0.0,88.0,0.18,2.2120873506107523,0.03873118574465955,0.018186171421220743,0.007016364675244319,0.0,11.14108194,100.0,45.41341627933287,13.443585906298008,9.53179841408892,1.8057703824232774,15.945273015439874,8.858494675718873,2.403276797318222,0.295283155857296,1.5420342587259572,0.1394392679987134,0.03161702817681708,0.1886531275783222,0.014845729176583396,0.005727596389599612,0.3807843654766527,0.0,0.16874480465502922,2.3542010168896668,1426.1518184048537,0.24,39.0,True
1195,Arabia,Harrat_Rahat,Moufti_2012,MR-117,Medinah,0.0,0.0,0.0,0.0,0.85,0.85,Stratigraphic,24.51757833,39.69462333,46.21997207972652,1.945892922040084,16.610302466461764,9.421183297564143,10.321256791833134,8.826730780285727,0.18054676598293873,0.3811542838519983,2.989052014165474,0.2507593975843618,0.5059960686411729,0.0,0.0,26.0,0.0,264.0,164.0,57.0,140.0,82.4,0.0,19.2,2.8,496.1,20.2,133.1,8.0,0.0,0.0,43.0,9.4,25.5,3.59,16.9,3.93,1.4,4.11,0.69,3.86,0.75,2.14,0.3,1.76,0.26,3.4,0.5,0.0,0.8,0.5,0.2,0.0,0.0,0.0,0.0,0.0,88.0,0.18,2.298505290736215,0.023782053341932133,0.01767513718204411,0.007190650602510456,0.0,11.58016199,100.00000000000001,45.06503656752969,13.25108736747033,9.885914566371602,1.8336628416993648,16.702837481475278,8.233918423028621,2.3845555772144125,0.30407084554940633,1.5523616845484172,0.14403355837648169,0.01897244600139489,0.2000466091640298,0.014100573273978501,0.0057364361398721765,0.40366502215711636,0.0,0.18433931484502458,2.5201102899169023,1444.71567673763,0.24,39.0,True
1215,Arabia,Harrat_Rahat,Ball,A1.5,Shawahit,0.0,SAUDI ARABIA / Harrat_Rahat,0.0,763.0,3.0,1.0,Stratigraphic,23.25078333,39.77641667,47.626155025358,1.3138935088381318,15.633543792756289,9.038036906711197,11.230708509735923,9.223095130119411,0.17492076970916126,0.35779248349601167,2.63375022573453,0.15504340951493842,0.31728587790661367,0.9,5.967947521,34.24729433,8010.263848,231.2628723,371.4200117,51.99562014,238.9624403,109.4125695,81.03795138,17.83495926,4.383217861,264.1231326,20.57034184,72.71112743,8.896548309,0.801018909,0.023411248,92.30689957,6.921104847,15.96217379,2.239642318,10.62656955,2.929272502,1.09123958,3.524102671,0.594207171,3.692133848,0.752177232,2.081173432,0.304725389,1.90178614,0.277773587,2.051976616,0.559028717,0.004599426,0.792537813,0.576661327,0.142095847,0.0,0.0,0.0,0.0,0.0,88.0,0.18,2.2050282848563203,0.05395386309294184,0.030221509148192396,0.00657070302230962,0.0,11.09,99.99999999999997,46.43094684064246,12.987212356539828,9.441196636398134,1.8317772967684196,15.78949301088644,9.329656683337555,2.187928337242879,0.297228000531108,1.0914872686170138,0.1453114669263192,0.044820949538541696,0.1287988002301471,0.025105834111939822,0.005458462688544888,0.2635780555406538,0.0,0.1564740615773936,2.1090614631735436,1421.1405109046677,0.24,39.0,True
1223,Arabia,Harrat_Rahat,Ball,A3.3a,Shawahit,0.0,SAUDI ARABIA / Harrat_Rahat,0.0,620.0,2.919,0.049,Ar-Ar,23.17463,39.72567,48.435171527135026,1.4563311463477575,15.546111623589557,9.068366568273687,9.808147052430705,9.272074237824167,0.17372730102989606,0.45864007471892565,2.8689822855794267,0.1945745771534836,0.4318234941835817,0.05,5.915846427,35.26028259,9288.29718,236.8991369,315.8349532,48.53754124,171.5331817,88.99006728,81.9310647,17.60159024,5.826002298,305.8370188,22.03141652,96.21851208,12.75269096,0.999659993,0.044084851,130.4055546,9.568576618,21.74934827,2.986042236,13.76353114,3.584525415,1.328138222,4.112918818,0.674920293,4.145968284,0.827292801,2.282458527,0.330497373,2.042797724,0.303153394,2.576843039,0.828055972,0.005040024,0.923608467,0.803766018,0.252875339,0.0,0.0,0.0,0.0,0.0,88.0,0.18,2.2124278742036196,0.04582671741273158,0.021668854738785978,0.006126665378650299,0.0,11.14,100.00000000000003,47.106585704519325,12.921037352651442,9.463827210623311,1.8388433001635383,15.81537946461468,8.151969926193885,2.384533713228786,0.38119535484833744,1.210419016369073,0.14439217986679456,0.03808854212398778,0.16171924145081013,0.018009910661144803,0.005092133269171688,0.3589069494157029,0.0,0.15611814345991573,2.024345107608183,1413.687695831598,0.24,39.0,True
1224,Arabia,Harrat_Rahat,Ball,A3.4,Shawahit,0.0,SAUDI ARABIA / Harrat_Rahat,0.0,564.0,3.091,0.061,Ar-Ar,23.14323,39.70208,48.457823871220576,1.4391347978970817,15.265356689909002,8.999310147512393,9.961712921261372,9.643891571829306,0.16486982501788514,0.633656315430185,2.542570795456542,0.2314136700552243,0.3829683970507443,-0.21,5.756574943,30.49942414,8445.733675,216.5561897,348.8007437,49.52363408,196.412078,89.94645965,83.40472183,16.67202359,5.27573755,284.2698601,19.77277046,83.01711513,10.86505208,0.971783481,0.02731498,116.9935898,8.423507189,19.27968138,2.678313552,12.47747016,3.31469248,1.238933727,3.904914451,0.639149107,3.910643208,0.776321822,2.122699836,0.300968286,1.867298174,0.271283204,2.391947404,0.721795639,0.005209895,0.915618391,0.70331349,0.173894371,0.0,0.0,0.0,0.0,0.0,88.0,0.18,2.1955800384842816,0.05063362555109734,0.024823274533148997,0.006254058791145863,0.0,11.05,99.99999999999997,47.24573181254423,12.91162222560974,9.34671035355312,1.8570479942822584,15.581209729933523,8.42573655971799,2.150536948442476,0.53595413011965,1.2172375149582642,0.1394488802505669,0.04282652926550428,0.1957324644480847,0.020995824053458737,0.005289758118878916,0.32391927470225385,0.0,0.14346895074946475,1.9746261887698657,1428.938228212225,0.24,39.0,True
1225,Arabia,Harrat_Rahat,Ball,A3.5,Shawahit,0.0,SAUDI ARABIA / Harrat_Rahat,0.0,534.0,3.723,0.048,Ar-Ar,23.14432,39.70073,46.998330876811664,1.7567337269487855,14.908925983083144,9.280831223082005,10.613806255421798,9.740895086751596,0.2797283517784062,1.1139536845643627,2.0632445804932096,0.39082613688188683,0.5152018007529005,2.14,5.68076835,33.07506793,8973.371792,227.6260807,291.0436644,48.0150527,198.1128322,98.08561775,80.5067713,16.24323151,9.421274136,318.8884364,19.00722894,92.7379406,18.86875719,0.894552456,0.072969751,154.6198145,12.4092023,25.96928536,3.381654721,14.74494556,3.54315045,1.274216094,3.884903428,0.606476582,3.627892156,0.70998692,1.877026016,0.270415078,1.672144174,0.24347309,2.459853022,1.199198428,0.005403304,1.215192293,1.188393254,0.305208914,0.0,0.0,0.0,0.0,0.0,88.0,0.18,2.2642633090685402,0.04219626996062911,0.02500678013553733,0.0060559342655249525,0.0,11.41,99.99999999999997,45.922595776416735,12.410041615167035,9.625986607347718,1.8847502445931017,16.166851385695917,8.83482669875496,1.7174242554589145,0.9272439610001711,1.4622876713546804,0.2328430961727943,0.0351237551793075,0.3253197868513508,0.02081539491815044,0.005040899414160134,0.4288488516749809,0.0,0.15504858470637947,2.24999846146599,1423.601746612061,0.24,39.0,True
1231,Arabia,Harrat_Rahat,Ball,A4.7,Shawahit,0.0,SAUDI ARABIA / Harrat_Rahat,0.0,459.0,3.383,0.048,Ar-Ar,23.09131667,39.60548333,47.600839129457604,1.39646331641257,15.761078510754519,9.196609161250088,10.540469381877392,9.240279655864269,0.17269695597426235,0.4674727946199861,2.6400799016755054,0.227285074241989,0.42213915725596785,0.02,6.875857809,34.29120932,9099.645712,227.5969838,368.3774522,52.74817751,243.678976,94.40315786,86.70554571,17.73688274,5.984216197,334.3805881,21.12209877,89.61408209,14.38579234,0.916528693,0.038759214,261.0032475,9.324464069,21.26621542,2.913772561,13.46994615,3.405041718,1.240469456,3.94044247,0.626165773,3.771616267,0.749161937,2.054664829,0.295982646,1.852930126,0.26964643,2.381504571,0.941732922,0.005703634,0.911763646,0.857665921,0.226183398,0.0,0.0,0.0,0.0,0.0,88.0,0.18,2.243715480987601,0.05343883830137525,0.0307759371430658,0.0066567041837792525,0.0,11.3,99.99999999999997,46.34983259449566,12.962912222746853,9.601661159219484,1.8453741482865098,16.115776185126148,8.669151625035965,2.171369427739708,0.3844793234832336,1.1485401446728452,0.14203694752883764,0.04395149543310836,0.18693368381668898,0.025312085812282194,0.005474896401806644,0.34719406020086335,0.0,0.16352990380593904,2.1625475834344403,1423.2774290928164,0.24,39.0,True
1236,Arabia,Harrat_Rahat,Ball,A5.2,Shawahit,0.0,SAUDI ARABIA / Harrat_Rahat,0.0,317.0,5.156,0.094,Ar-Ar,22.9832,39.49038333,47.676636253629546,1.4300011706983242,16.176888243524793,9.055085190899721,10.476744688102306,8.957368444235335,0.17378486449458802,0.4717017750567389,2.711043886115573,0.18172931544291204,0.40159466814968964,0.27,6.184700673,26.63333458,9300.20869,241.8132074,323.6042769,52.05294052,195.3980624,95.51222804,80.62900398,16.93782136,7.041017042,301.7362196,18.8434684,77.22312287,14.05400214,0.855634056,0.065220589,184.8152875,9.177335325,20.22013457,2.679486431,12.18995391,3.179552484,1.175621866,3.664538256,0.596446396,3.659004884,0.723743676,2.001449045,0.289700141,1.802037431,0.271725749,2.216709255,0.908607454,0.004519711,0.875821239,0.82108472,0.277697393,0.0,0.0,0.0,0.0,0.0,88.0,0.18,2.209187589496474,0.046969581223213444,0.024691754186449606,0.006572574744362739,0.0,11.12,100.00000000000003,46.41069018100754,13.304900562160704,9.49316978026399,1.8169762168676256,15.876667890866617,8.61674038863078,2.2297347166788586,0.3879575056492524,1.1761238065998392,0.14293171260761933,0.03863076743893107,0.14946573375539593,0.020308067238303765,0.005405703006331767,0.33029696722818663,0.0,0.16352990380593904,2.1321848521931694,1416.4258357691165,0.24,39.0,True
1237,Arabia,Harrat_Rahat,Ball,A5.3,Shawahit,0.0,SAUDI ARABIA / Harrat_Rahat,0.0,204.0,5.057,0.091,Ar-Ar,22.81931667,39.3764,46.6965913842013,1.4837705445139415,15.324024887822912,9.497520969011179,11.18534718172048,9.120970771961954,0.17567049256118236,0.47639455609812165,2.967541089027883,0.23819727804906082,0.43374293620633153,1.02,5.924595658,32.07358997,9779.504095,225.4222658,325.6912932,56.58364303,227.3447171,96.65800176,88.07164153,17.20334824,8.148984724,335.9455572,20.24975986,84.39781968,14.62397309,0.942903368,0.126370867,185.4234354,9.904956087,21.85127923,2.942960898,13.29823913,3.432570326,1.270359411,3.833674685,0.602635648,3.64782071,0.70965265,1.930631055,0.273390998,1.702937676,0.251098604,2.244873522,0.923422043,0.01151502,0.958232706,0.911448663,0.271666415,0.0,0.0,0.0,0.0,0.0,88.0,0.18,2.3171295480255165,0.04724547673043183,0.02871231503245351,0.007140569037279928,0.0,11.67,100.00000000000004,45.4703932898614,12.280064897197999,9.923515765197607,1.8568555867838317,16.81097619573173,8.963492965765639,2.378069562345987,0.3817636755605602,1.1890347811729935,0.1407753553629561,0.037860648530386676,0.1908818377802801,0.023008908855760485,0.00572216841349557,0.3475843614393723,0.0,0.1813344248874336,2.505757466369124,1459.1479043137942,0.24,39.0,True
1242,Arabia,Harrat_Rahat,Ball,AT-1.16,Medinah,0.0,SAUDI ARABIA / Harrat_Rahat,0.0,1007.0,0.5,0.5,Stratigraphic,23.27017,39.93717,45.75968577996161,2.7213519545853186,15.138320500172403,9.207093040703425,8.943132735300289,9.149967302966925,0.1851661843872747,1.117891591912536,3.703323687745494,0.5358000229078588,1.2133424176119436,0.02,6.998887305,28.34139235,16940.55547,244.9296937,345.8649331,47.1406835,183.1800982,75.8393555,86.31717378,17.77529176,16.0814687,690.4150628,27.24887953,231.0209962,35.07418536,1.963864256,0.158814405,185.344565,29.13711912,61.59558109,7.655062453,31.91912526,6.708677725,2.244245843,6.265063858,0.94272269,5.285894429,0.97825258,2.541746836,0.350967186,2.108264824,0.304491256,5.211727464,2.250186434,0.036833512,2.360111656,2.739149698,0.918094644,0.0,0.0,0.0,0.0,0.0,88.0,0.18,2.246273254425377,0.04978962944051692,0.02295830951894224,0.005903588360096098,0.0,11.4,100.0,44.84590018703214,12.481874406378532,9.607553767187751,1.8521011392132554,15.960023011608653,7.37380739166667,3.053470902276066,0.9217259239583337,2.243813857177867,0.15267354511380343,0.04105263205449901,0.44177876883994205,0.018929625383141913,0.00486763696519957,1.0004272051441554,0.0,0.16177703269069585,2.6675588730802025,1428.7221611778382,0.24,39.0,True
