,Area,Province,Author,Sample,Volcano,Stage,Rock Type,Rock_Name,Sample_Comment,Age,Uncertainty,Material,Latitude,Longditude,SiO2,TiO2,Al2O3,FeO,CaO,MgO,MnO,K2O,Na2O,P2O5,H2O,LOI,Li,Sc,Ti,V ,Cr,Co,Ni,Cu,Zn,Ga,Rb,Sr,Y ,Zr,Nb,Sn,Cs,Ba,La,Ce,Pr,Nd,Sm,Eu,Gd,Tb,Dy,Ho,Er,Tm,Yb,Lu,Hf,Ta,Tl,Pb,Th,U ,87Sr/86Sr,143Nd/144Nd,206Pb/204Pb,207Pb/206Pb,208Pb/204Pb
4083,OIB,Niihau,Dixon_2008,samp.T318-R08,Niihau,Rejuvenated,VOLCANICROCK,BASALT,HAWAIIANISLANDS/NIIHAU/REJUVENATEDSTAGE/KIEKIEBASALT/PACIFICOCEAN,0.5,0.5,Stratigraphic,22.045,-160.223,46.3347,1.34158,16.95,11.5937,12.2344,7.48884,0.180213,0.33039,2.98352,0.180213,0.382451,,,32.9,,,,,,,,,7.0,297.0,19.33,49.0,9.52,,0.09,135.0,8.54,17.36,2.28,10.32,2.75,0.99,3.14,0.52,3.18,0.65,1.8,0.27,1.73,0.27,1.34,0.5,,0.63,0.63,0.17,,,,,
4084,OIB,Niihau,Dixon_2008,samp.T318-R09,Niihau,Rejuvenated,VOLCANICROCK,BASALT,HAWAIIANISLANDS/NIIHAU/REJUVENATEDSTAGE/KIEKIEBASALT/PACIFICOCEAN,0.5,0.5,Stratigraphic,22.045,-160.223,46.2815,1.38094,16.8715,11.8481,12.2283,7.32498,0.190129,0.330225,3.00204,0.160109,0.38226,,,33.6,,,,,,,,,6.9,266.0,18.4,46.0,8.93,,0.09,127.0,7.45,15.38,2.09,9.4,2.57,0.92,2.97,0.49,3.05,0.61,1.74,0.26,1.67,0.26,1.29,0.48,,0.62,0.57,0.15,,,,,
4106,OIB,Niihau,Dixon_2008,samp.T317-R02,Niihau,Rejuvenated,VOLCANICROCK,BASALT,HAWAIIANISLANDS/NIIHAU/REJUVENATEDSTAGE/KIEKIEBASALT/PACIFICOCEAN,0.5,0.5,Stratigraphic,22.135,-160.25,47.7664,1.43229,15.7752,11.5685,11.4683,8.28325,0.170272,0.440705,2.78446,0.310497,0.0,,,31.8,,259.0,373.0,,172.0,87.0,88.0,16.0,8.35,539.0,20.8,53.0,10.46,,0.23,240.0,12.38,25.07,3.37,14.98,3.7,1.28,3.91,0.6,3.44,0.68,1.85,0.26,1.61,0.26,1.39,0.56,,0.77,0.8,0.24,,,,,
4107,OIB,Niihau,Dixon_2008,samp.T317-R14,Niihau,Rejuvenated,VOLCANICROCK,BASALT,HAWAIIANISLANDS/NIIHAU/REJUVENATEDSTAGE/KIEKIEBASALT/PACIFICOCEAN,0.5,0.5,Stratigraphic,22.135,-160.25,47.2551,1.3324,15.0771,11.6309,10.8295,10.4889,0.180325,0.340613,2.60469,0.260469,0.0,,,30.6,,224.0,459.0,,224.0,84.0,87.0,17.0,5.4,473.0,19.68,51.0,9.79,,0.08,208.0,10.81,22.33,3.03,13.43,3.39,1.19,3.69,0.57,3.36,0.66,1.79,0.25,1.57,0.24,1.36,0.53,,0.66,0.68,0.16,0.703449,0.513063,18.158,15.516,37.909
4108,OIB,Niihau,Dixon_2008,samp.T317-R18,Niihau,Rejuvenated,VOLCANICROCK,BASALT,HAWAIIANISLANDS/NIIHAU/REJUVENATEDSTAGE/KIEKIEBASALT/PACIFICOCEAN,0.5,0.5,Stratigraphic,22.135,-160.25,45.6334,2.16824,15.9707,12.2064,12.8789,7.04678,0.180687,0.772937,2.76049,0.38145,0.0,,,35.1,,305.0,199.0,,77.0,61.0,86.0,17.0,16.9,709.0,25.09,96.0,24.51,,0.45,395.0,22.26,43.65,5.64,24.13,5.5,1.86,5.33,0.77,4.41,0.81,2.16,0.3,1.85,0.29,2.36,1.4,,1.62,1.79,0.38,0.703474,0.513042,18.102,15.454,37.773
4109,OIB,Niihau,Dixon_2008,samp.T318-R02,Niihau,Rejuvenated,VOLCANICROCK,BASALT,HAWAIIANISLANDS/NIIHAU/REJUVENATEDSTAGE/KIEKIEBASALT/PACIFICOCEAN,0.5,0.5,Stratigraphic,22.045,-160.223,46.2855,1.19143,15.3684,11.5639,11.0433,11.4337,0.20024,0.320384,2.43292,0.160192,0.0,,,32.8,,250.0,359.0,,285.0,100.0,79.0,17.0,5.95,270.0,18.2,46.0,8.85,,0.09,127.0,7.6,15.59,2.11,9.52,2.62,0.96,2.96,0.5,3.01,0.63,1.75,0.26,1.65,0.27,1.27,0.52,,0.54,0.57,0.14,,,,,
4110,OIB,Niihau,Dixon_2008,samp.T318-R03,Niihau,Rejuvenated,VOLCANICROCK,BASALT,HAWAIIANISLANDS/NIIHAU/REJUVENATEDSTAGE/KIEKIEBASALT/PACIFICOCEAN,0.5,0.5,Stratigraphic,22.045,-160.223,46.4368,1.18272,15.0646,11.1958,10.9752,12.0477,0.180415,0.441014,2.31533,0.160369,0.0,,,29.0,,235.0,389.0,,334.0,98.0,83.0,17.0,7.6,275.0,17.77,44.0,8.74,,0.19,121.0,8.15,16.45,2.19,9.74,2.66,0.94,3.0,0.49,3.01,0.61,1.7,0.25,1.63,0.26,1.27,0.52,,0.58,0.61,0.24,,,,,
4111,OIB,Niihau,Dixon_2008,samp.T318-R11,Niihau,Rejuvenated,VOLCANICROCK,BASALT,HAWAIIANISLANDS/NIIHAU/REJUVENATEDSTAGE/KIEKIEBASALT/PACIFICOCEAN,0.5,0.5,Stratigraphic,22.045,-160.223,46.1485,1.16743,15.2764,12.1034,10.9958,11.2253,0.199561,0.379166,2.35482,0.149671,0.0,,,31.0,,238.0,352.0,,293.0,103.0,78.0,18.0,9.7,276.0,17.89,45.0,8.7,,0.61,124.0,7.49,15.3,2.07,9.32,2.54,0.92,2.91,0.48,2.96,0.61,1.68,0.25,1.61,0.26,1.27,0.52,,0.55,0.55,0.13,0.703444,0.513057,18.053,15.44,37.676
4112,OIB,Niihau,Dixon_2008,samp.T318-R13,Niihau,Rejuvenated,VOLCANICROCK,BASALT,HAWAIIANISLANDS/NIIHAU/REJUVENATEDSTAGE/KIEKIEBASALT/PACIFICOCEAN,0.5,0.5,Stratigraphic,22.045,-160.223,46.2511,1.39516,15.2966,11.9442,10.9003,10.9104,0.180668,0.431597,2.50928,0.180668,0.0,,,29.9,,241.0,351.0,,272.0,92.0,82.0,15.0,6.8,346.0,18.42,46.0,8.85,,0.12,165.0,9.16,18.99,2.57,11.48,2.97,1.07,3.25,0.52,3.13,0.64,1.75,0.26,1.63,0.26,1.33,0.53,,0.62,0.6,0.27,,,,,
4113,OIB,Niihau,Dixon_2008,samp.T318-R17,Niihau,Rejuvenated,VOLCANICROCK,BASALT,HAWAIIANISLANDS/NIIHAU/REJUVENATEDSTAGE/KIEKIEBASALT/PACIFICOCEAN,0.5,0.5,Stratigraphic,22.045,-160.223,46.0217,1.31605,15.1999,12.3367,10.7093,11.1412,0.190878,0.381756,2.53165,0.170786,0.0,,,28.9,,235.0,350.0,,269.0,97.0,80.0,18.0,6.1,319.0,18.16,44.0,8.14,,0.11,152.0,8.16,16.99,2.33,10.5,2.78,1.01,3.11,0.5,3.06,0.62,1.74,0.25,1.59,0.26,1.25,0.47,,0.55,0.52,0.13,0.703501,0.513054,18.046,15.444,37.663
4114,OIB,Niihau,Dixon_2008,samp.T318-R19,Niihau,Rejuvenated,VOLCANICROCK,BASALT,HAWAIIANISLANDS/NIIHAU/REJUVENATEDSTAGE/KIEKIEBASALT/PACIFICOCEAN,0.5,0.5,Stratigraphic,22.045,-160.223,43.1588,2.23201,12.231,12.7315,12.0408,13.282,0.190171,1.02092,2.65239,0.460414,0.0,,,29.4,,337.0,531.0,,327.0,79.0,92.0,17.0,21.0,589.0,19.65,110.0,28.39,,0.24,317.0,22.28,44.85,5.7,23.96,5.42,1.73,4.95,0.7,3.7,0.67,1.7,0.22,1.3,0.2,2.82,1.77,,1.68,1.71,0.49,,,,,
4115,OIB,Niihau,Dixon_2008,samp.T322-R1,Niihau,Rejuvenated,VOLCANICROCK,BASALT,HAWAIIANISLANDS/NIIHAU/REJUVENATEDSTAGE/KIEKIEBASALT/PACIFICOCEAN,0.5,0.5,Stratigraphic,22.09,-160.218,46.8619,1.315,16.0391,10.5997,11.7952,9.67324,0.189281,0.537956,2.71967,0.268978,0.0,,,29.7,,252.0,275.0,,171.0,90.0,79.0,16.0,9.5,416.0,18.82,57.0,14.35,,0.17,217.0,12.68,25.06,3.23,13.75,3.37,1.16,3.48,0.54,3.18,0.64,1.77,0.25,1.63,0.25,1.44,0.78,,0.78,0.95,0.23,0.703458,0.513056,18.094,15.461,37.798
4116,OIB,Niihau,Dixon_2008,samp.T322-T4,Niihau,Rejuvenated,VOLCANICROCK,BASALT,HAWAIIANISLANDS/NIIHAU/REJUVENATEDSTAGE/KIEKIEBASALT/PACIFICOCEAN,0.5,0.5,Stratigraphic,22.09,-160.218,46.8984,1.21866,15.0634,11.0179,10.898,11.6372,0.189791,0.379582,2.51723,0.179802,0.0,,,30.3,,233.0,473.0,,255.0,84.0,81.0,15.0,6.0,299.0,17.61,51.0,10.01,,0.09,140.0,7.99,16.46,2.22,9.85,2.69,0.96,3.06,0.49,2.96,0.59,1.64,0.24,1.52,0.24,1.34,0.56,,0.54,0.58,0.15,,,,,
4117,OIB,Niihau,Dixon_2008,samp.T322-R6,Niihau,Rejuvenated,VOLCANICROCK,BASALT,HAWAIIANISLANDS/NIIHAU/REJUVENATEDSTAGE/KIEKIEBASALT/PACIFICOCEAN,0.5,0.5,Stratigraphic,22.09,-160.218,47.0088,1.43057,17.2869,9.94398,13.0752,7.52301,0.15006,0.420168,2.86114,0.30012,0.0,,,33.8,,277.0,164.0,,92.0,97.0,78.0,21.0,8.6,518.0,22.2,65.0,16.5,,0.09,257.0,16.15,31.42,3.96,16.9,3.99,1.36,4.08,0.63,3.72,0.74,1.96,0.29,1.89,0.29,1.62,0.88,,0.98,1.22,0.37,,,,,
4118,OIB,Niihau,Dixon_2008,samp.T322-R31,Niihau,Rejuvenated,VOLCANICROCK,BASALT,HAWAIIANISLANDS/NIIHAU/REJUVENATEDSTAGE/KIEKIEBASALT/PACIFICOCEAN,0.5,0.5,Stratigraphic,22.09,-160.218,47.04,1.29,15.56,11.33,10.84,10.63,0.18,0.34,2.62,0.17,0.0,,,29.3,,237.0,366.0,,270.0,99.0,84.0,16.0,5.2,302.0,17.98,43.0,7.79,,0.1,145.0,7.69,16.26,2.25,10.17,2.78,1.0,3.13,0.5,3.08,0.62,1.69,0.25,1.56,0.25,1.22,0.46,,0.51,0.49,0.21,,,,,
4119,OIB,Niihau,Dixon_2008,samp.T322-R32,Niihau,Rejuvenated,VOLCANICROCK,BASALT,HAWAIIANISLANDS/NIIHAU/REJUVENATEDSTAGE/KIEKIEBASALT/PACIFICOCEAN,0.5,0.5,Stratigraphic,22.09,-160.218,46.8437,1.25251,14.98,12.014,10.4709,11.2224,0.190381,0.340681,2.51503,0.170341,0.0,,,27.9,,226.0,372.0,,281.0,91.0,78.0,16.0,5.3,299.0,17.49,42.0,7.59,,0.07,142.0,7.53,15.85,2.2,9.9,2.69,0.97,3.04,0.49,2.98,0.6,1.64,0.24,1.52,0.24,1.18,0.44,,0.48,0.47,0.12,0.703523,0.513059,18.148,15.514,37.857
4120,OIB,Niihau,Dixon_2008,samp.T323-R3,Niihau,Rejuvenated,VOLCANICROCK,BASALT,HAWAIIANISLANDS/NIIHAU/REJUVENATEDSTAGE/KIEKIEBASALT/PACIFICOCEAN,0.5,0.5,Stratigraphic,22.2817,-160.217,47.1044,1.30128,14.6518,11.3539,10.3705,11.7413,0.178802,0.586073,2.46349,0.248336,0.0,,,26.4,,232.0,521.0,,317.0,82.0,86.0,14.0,6.8,381.0,18.28,46.0,8.62,,0.17,195.0,10.17,21.21,2.87,12.69,3.21,1.13,3.45,0.54,3.19,0.63,1.68,0.24,1.51,0.23,1.27,0.48,,0.58,0.59,0.19,,,,,
4121,OIB,Niihau,Dixon_2008,samp.T323-R9,Niihau,Rejuvenated,VOLCANICROCK,BASALT,HAWAIIANISLANDS/NIIHAU/REJUVENATEDSTAGE/KIEKIEBASALT/PACIFICOCEAN,0.5,0.5,Stratigraphic,22.2817,-160.217,47.2926,1.31148,14.9826,11.5748,10.5614,10.8594,0.178838,0.466965,2.5236,0.248385,0.0,,,27.4,,238.0,492.0,,287.0,86.0,88.0,16.0,6.8,397.0,19.09,47.0,8.83,,0.26,197.0,10.52,21.68,2.96,13.13,3.33,1.17,3.54,0.56,3.32,0.66,1.77,0.25,1.56,0.24,1.31,0.48,,0.59,0.59,0.16,0.703466,0.513069,18.145,15.472,37.919
4122,OIB,Niihau,Dixon_2008,samp.T323-R11,Niihau,Rejuvenated,VOLCANICROCK,BASALT,HAWAIIANISLANDS/NIIHAU/REJUVENATEDSTAGE/KIEKIEBASALT/PACIFICOCEAN,0.5,0.5,Stratigraphic,22.2817,-160.217,46.7667,1.41055,15.1386,11.7513,10.7877,10.5692,0.178802,0.526473,2.60256,0.268203,0.0,,,29.3,,257.0,431.0,,261.0,90.0,86.0,17.0,9.9,403.0,19.44,50.0,10.63,,0.42,236.0,11.69,24.19,3.27,14.43,3.54,1.22,3.68,0.58,3.42,0.67,1.83,0.26,1.62,0.25,1.36,0.59,,0.66,0.7,0.19,,,,,
4123,OIB,Niihau,Dixon_2008,samp.69NII-1,Niihau,Rejuvenated,VOLCANICROCK,BASALT,HAWAIIANISLANDS/NIIHAU/REJUVENATEDSTAGE/KIEKIEBASALT/PACIFICOCEAN,0.5,0.5,Stratigraphic,21.83,-160.18,46.1667,1.17339,15.4057,11.8039,10.8134,11.4709,0.192193,0.293346,2.48839,0.192193,0.0,,,30.8,,215.0,416.0,63.0,274.0,95.0,87.0,17.0,5.0,346.0,18.96,53.0,11.29,,0.05,147.0,8.91,18.35,2.47,10.84,2.84,1.03,3.17,0.51,3.02,0.6,1.64,0.24,1.55,0.25,1.34,0.62,,0.48,0.6,0.15,,,,,
4124,OIB,Niihau,Dixon_2008,samp.69NII-3,Niihau,Rejuvenated,VOLCANICROCK,BASALT,HAWAIIANISLANDS/NIIHAU/REJUVENATEDSTAGE/KIEKIEBASALT/PACIFICOCEAN,0.5,0.5,Stratigraphic,21.83,-160.18,46.4424,1.09216,15.5352,11.831,11.2789,10.8706,0.193935,0.224556,2.40888,0.122485,0.0,,,32.1,,194.0,474.0,66.0,275.0,100.0,77.0,18.0,4.1,298.0,22.07,44.0,8.67,,0.05,116.0,8.04,15.22,2.16,9.92,2.69,0.98,3.19,0.51,3.11,0.65,1.83,0.28,1.69,0.27,1.21,0.48,,0.49,0.47,0.13,0.703357,0.513067,18.109,15.443,37.727
4125,OIB,Niihau,Dixon_2008,samp.69NII-4,Niihau,Rejuvenated,VOLCANICROCK,BASALT,HAWAIIANISLANDS/NIIHAU/REJUVENATEDSTAGE/KIEKIEBASALT/PACIFICOCEAN,0.5,0.5,Stratigraphic,21.83,-160.18,47.2287,1.12303,15.7225,11.2702,11.4652,10.2094,0.183769,0.214397,2.45025,0.132722,0.0,,,31.6,,191.0,482.0,60.0,265.0,120.0,82.0,18.0,3.4,298.0,21.01,45.0,9.16,,0.04,109.0,7.78,14.68,2.16,9.94,2.77,1.03,3.33,0.53,3.24,0.65,1.75,0.25,1.57,0.24,1.23,0.49,,0.4,0.45,0.16,,,,,
4126,OIB,Niihau,Dixon_2008,samp.69NII-5,Niihau,Rejuvenated,VOLCANICROCK,BASALT,HAWAIIANISLANDS/NIIHAU/REJUVENATEDSTAGE/KIEKIEBASALT/PACIFICOCEAN,0.5,0.5,Stratigraphic,21.83,-160.18,46.0863,1.37192,15.5891,11.5874,11.2599,10.3453,0.193085,0.376007,2.88611,0.304871,0.0,,,30.1,,216.0,381.0,58.0,233.0,90.0,79.0,18.0,7.3,610.0,20.85,61.0,15.85,,0.05,264.0,16.84,32.87,4.19,17.6,3.99,1.36,3.98,0.59,3.45,0.67,1.77,0.26,1.62,0.25,1.47,0.81,,0.89,1.13,0.25,0.703299,0.512982,18.122,15.446,37.757
4127,OIB,Niihau,Dixon_2008,samp.69NII-6,Niihau,Rejuvenated,VOLCANICROCK,BASALT,HAWAIIANISLANDS/NIIHAU/REJUVENATEDSTAGE/KIEKIEBASALT/PACIFICOCEAN,0.5,0.5,Stratigraphic,21.83,-160.18,45.8598,1.16498,15.1144,11.4411,11.0015,12.3589,0.192475,0.314039,2.37048,0.182345,0.0,,,31.9,,215.0,521.0,69.0,340.0,70.0,83.0,17.0,6.8,390.0,23.1,50.0,11.56,,0.07,229.0,13.22,22.15,3.02,13.26,3.22,1.14,3.64,0.56,3.29,0.67,1.81,0.26,1.61,0.26,1.34,0.63,,0.51,0.69,0.17,,,,,
4128,OIB,Niihau,Dixon_2008,samp.69NII-7,Niihau,Rejuvenated,VOLCANICROCK,BASALT,HAWAIIANISLANDS/NIIHAU/REJUVENATEDSTAGE/KIEKIEBASALT/PACIFICOCEAN,0.5,0.5,Stratigraphic,21.83,-160.18,46.4603,1.18716,15.6947,11.2545,11.3787,10.8153,0.181093,0.2817,2.57554,0.171032,0.0,,,31.7,,205.0,426.0,60.0,229.0,85.0,75.0,18.0,5.9,323.0,19.93,50.0,11.71,,0.04,154.0,9.19,17.69,2.44,11.03,2.91,1.08,3.3,0.52,3.13,0.63,1.68,0.24,1.54,0.24,1.32,0.62,,0.52,0.65,0.14,,,,,
4129,OIB,Niihau,Dixon_2008,samp.69NII-8,Niihau,Rejuvenated,VOLCANICROCK,BASALT,HAWAIIANISLANDS/NIIHAU/REJUVENATEDSTAGE/KIEKIEBASALT/PACIFICOCEAN,0.5,0.5,Stratigraphic,21.83,-160.18,47.4615,1.39444,16.9556,10.8468,12.6207,7.51785,0.181883,0.313244,2.51605,0.191988,0.0,,,35.8,,219.0,308.0,48.0,116.0,100.0,74.0,20.0,5.8,367.0,22.63,59.0,14.35,,0.05,184.0,10.74,21.51,2.88,12.9,3.47,1.27,3.95,0.62,3.69,0.74,1.93,0.28,1.77,0.27,1.54,0.76,,0.57,0.77,0.15,,,,,
4130,OIB,Niihau,Dixon_2008,samp.69NII-9,Niihau,Rejuvenated,VOLCANICROCK,BASALT,HAWAIIANISLANDS/NIIHAU/REJUVENATEDSTAGE/KIEKIEBASALT/PACIFICOCEAN,0.5,0.5,Stratigraphic,21.83,-160.18,46.0529,1.13561,15.4219,11.443,10.9302,11.9746,0.182508,0.253484,2.4233,0.182508,0.0,,,29.7,,201.0,452.0,62.0,291.0,100.0,88.0,17.0,5.2,359.0,17.23,50.0,10.97,,0.07,141.0,8.34,17.3,2.32,10.26,2.71,1.0,3.0,0.47,2.87,0.57,1.53,0.22,1.45,0.22,1.29,0.6,,0.52,0.59,0.2,0.7034,0.512957,18.078,15.441,37.673
4131,OIB,Niihau,Dixon_2008,samp.70NII-1,Niihau,Rejuvenated,VOLCANICROCK,BASALT,HAWAIIANISLANDS/NIIHAU/REJUVENATEDSTAGE/KIEKIEBASALT/PACIFICOCEAN,0.5,0.5,Stratigraphic,21.83,-160.18,46.0275,1.42003,15.2499,12.1125,11.4014,10.5164,0.185221,0.298412,2.60339,0.185221,0.0,,,31.6,,281.0,442.0,60.0,268.0,100.0,102.0,17.0,4.6,339.0,23.63,57.0,12.28,,0.05,156.0,10.72,19.58,2.77,12.57,3.34,1.19,3.7,0.58,3.49,0.7,1.89,0.28,1.72,0.28,1.52,0.7,,4.69,0.73,0.15,,,,,
4132,OIB,Niihau,Dixon_2008,samp.70NII-4,Niihau,Rejuvenated,VOLCANICROCK,BASALT,HAWAIIANISLANDS/NIIHAU/REJUVENATEDSTAGE/KIEKIEBASALT/PACIFICOCEAN,0.5,0.5,Stratigraphic,21.83,-160.18,47.1718,1.49367,15.1386,11.5806,11.1218,10.1227,0.171571,0.292679,2.70476,0.201848,0.0,,,30.3,,228.0,423.0,55.0,190.0,85.0,92.0,18.0,5.0,383.0,21.8,62.0,11.39,,0.04,135.0,9.53,20.21,2.84,13.1,3.57,1.29,3.99,0.62,3.74,0.73,1.93,0.27,1.72,0.27,1.69,0.62,,10.9,0.62,0.15,0.703354,0.513034,18.087,15.428,37.677
4133,OIB,Niihau,Dixon_2008,samp.70NII-5,Niihau,Rejuvenated,VOLCANICROCK,BASALT,HAWAIIANISLANDS/NIIHAU/REJUVENATEDSTAGE/KIEKIEBASALT/PACIFICOCEAN,0.5,0.5,Stratigraphic,21.83,-160.18,47.0091,1.46363,15.3478,11.7347,10.8959,10.2963,0.182954,0.284596,2.57152,0.213447,0.0,,,30.0,,236.0,468.0,59.0,221.0,80.0,102.0,18.0,4.4,363.0,20.3,54.0,11.07,,0.03,132.0,8.99,19.58,2.7,12.44,3.41,1.23,3.75,0.59,3.51,0.68,1.85,0.26,1.65,0.25,1.57,0.6,,2.29,0.58,0.18,,,,,
4134,OIB,Niihau,Dixon_2008,samp.70NII-6,Niihau,Rejuvenated,VOLCANICROCK,BASALT,HAWAIIANISLANDS/NIIHAU/REJUVENATEDSTAGE/KIEKIEBASALT/PACIFICOCEAN,0.5,0.5,Stratigraphic,21.83,-160.18,45.5613,1.19201,15.3229,11.4245,11.5533,11.5024,0.183386,0.346396,2.6591,0.254703,0.0,,,30.3,,205.0,409.0,58.0,250.0,70.0,78.0,17.0,5.9,546.0,18.78,54.0,13.19,,0.02,233.0,13.67,27.01,3.46,14.93,3.51,1.2,3.58,0.54,3.11,0.62,1.66,0.24,1.52,0.23,1.33,0.7,,2.66,0.91,0.19,,,,,
4135,OIB,Niihau,Dixon_2008,samp.70NII-7,Niihau,Rejuvenated,VOLCANICROCK,BASALT,HAWAIIANISLANDS/NIIHAU/REJUVENATEDSTAGE/KIEKIEBASALT/PACIFICOCEAN,0.5,0.5,Stratigraphic,21.83,-160.18,45.5883,1.26662,15.7365,11.5592,11.1868,11.5719,0.182394,0.314123,2.33059,0.263458,0.0,,,31.1,,211.0,443.0,61.0,267.0,37.0,78.0,18.0,4.7,529.0,18.81,54.0,13.47,,0.02,219.0,13.84,27.49,3.55,15.18,3.53,1.23,3.66,0.55,3.15,0.63,1.69,0.24,1.53,0.25,1.37,0.71,,0.79,0.95,0.18,,,,,
4136,OIB,Niihau,Dixon_2008,samp.70NII-8,Niihau,Rejuvenated,VOLCANICROCK,BASALT,HAWAIIANISLANDS/NIIHAU/REJUVENATEDSTAGE/KIEKIEBASALT/PACIFICOCEAN,0.5,0.5,Stratigraphic,21.83,-160.18,45.8686,1.37132,15.3668,11.6608,10.9201,11.4243,0.181498,0.332746,2.62164,0.252081,0.0,,,30.9,,229.0,408.0,60.0,264.0,75.0,81.0,17.0,5.9,517.0,24.09,54.0,13.27,,0.04,219.0,15.97,28.15,3.86,16.65,3.86,1.35,4.04,0.61,3.66,0.74,2.02,0.29,1.78,0.28,1.38,0.69,,2.26,0.94,0.21,0.703348,0.513054,18.102,15.432,37.731
4137,OIB,Niihau,Dixon_2008,samp.70NII-9,Niihau,Rejuvenated,VOLCANICROCK,BASALT,HAWAIIANISLANDS/NIIHAU/REJUVENATEDSTAGE/KIEKIEBASALT/PACIFICOCEAN,0.5,0.5,Stratigraphic,21.83,-160.18,45.9094,1.34042,15.557,11.4103,11.2616,10.8757,0.17263,0.396034,2.8027,0.274177,0.0,,,29.5,,249.0,369.0,59.0,296.0,70.0,107.0,16.0,6.7,594.0,18.88,57.0,15.11,,0.04,252.0,15.67,30.7,3.9,16.59,3.76,1.3,3.75,0.56,3.27,0.63,1.66,0.24,1.51,0.24,1.41,0.78,,1.51,1.14,0.21,,,,,
4138,OIB,Niihau,Dixon_2008,samp.70NII-10,Niihau,Rejuvenated,VOLCANICROCK,BASALT,HAWAIIANISLANDS/NIIHAU/REJUVENATEDSTAGE/KIEKIEBASALT/PACIFICOCEAN,0.5,0.5,Stratigraphic,21.83,-160.18,45.8838,1.49305,16.4136,11.3788,11.1728,10.0105,0.180369,0.390799,2.80574,0.270553,0.0,,,28.9,,247.0,365.0,55.0,200.0,75.0,106.0,18.0,7.2,564.0,21.69,65.0,15.59,,0.03,273.0,16.52,32.73,4.25,17.83,4.24,1.44,4.17,0.63,3.63,0.7,1.87,0.27,1.68,0.26,1.59,0.85,,1.36,1.12,0.19,0.703338,0.513026,18.134,15.457,37.783
4139,OIB,Niihau,Dixon_2008,samp.70NII-11,Niihau,Rejuvenated,VOLCANICROCK,BASALT,HAWAIIANISLANDS/NIIHAU/REJUVENATEDSTAGE/KIEKIEBASALT/PACIFICOCEAN,0.5,0.5,Stratigraphic,21.83,-160.18,46.005,1.29963,15.4839,11.5742,11.0977,11.2398,0.182761,0.345215,2.52819,0.243681,0.0,,,29.8,,200.0,420.0,60.0,268.0,70.0,79.0,17.0,5.5,548.0,19.2,54.0,13.24,,0.04,227.0,14.21,28.21,3.69,15.62,3.61,1.23,3.63,0.54,3.2,0.63,1.69,0.24,1.54,0.24,1.33,0.7,,1.12,0.93,0.31,0.703313,0.513065,18.122,15.445,37.755
4140,OIB,Niihau,Dixon_2008,samp.70NII-12,Niihau,Rejuvenated,VOLCANICROCK,BASALT,HAWAIIANISLANDS/NIIHAU/REJUVENATEDSTAGE/KIEKIEBASALT/PACIFICOCEAN,0.5,0.5,Stratigraphic,21.83,-160.18,46.0407,1.3041,15.6186,11.5455,11.4108,10.3513,0.183389,0.397342,2.85271,0.29546,0.0,,,28.5,,216.0,388.0,59.0,234.0,75.0,83.0,17.0,7.6,639.0,20.55,60.0,15.33,,0.07,264.0,16.61,32.48,4.19,17.67,4.06,1.36,3.9,0.58,3.37,0.66,1.78,0.26,1.57,0.25,1.44,0.81,,1.3,1.12,0.3,,,,,
4141,OIB,Niihau,Dixon_2008,samp.70NII-18,Niihau,Rejuvenated,VOLCANICROCK,BASALT,HAWAIIANISLANDS/NIIHAU/REJUVENATEDSTAGE/KIEKIEBASALT/PACIFICOCEAN,0.5,0.5,Stratigraphic,21.83,-160.18,44.9584,1.4018,14.6735,12.1707,11.285,12.0817,0.191613,0.47399,2.53131,0.231952,0.0,,,30.9,,243.0,398.0,65.0,291.0,100.0,87.0,18.0,12.1,373.0,19.82,66.0,18.43,,0.11,239.0,13.3,26.16,3.39,14.58,3.65,1.23,3.72,0.57,3.4,0.66,1.8,0.26,1.62,0.25,1.7,1.04,,1.82,1.08,0.25,0.703382,0.513006,18.11,15.439,37.709
4142,OIB,Niihau,Dixon_2008,samp.70NII-19,Niihau,Rejuvenated,VOLCANICROCK,BASALT,HAWAIIANISLANDS/NIIHAU/REJUVENATEDSTAGE/KIEKIEBASALT/PACIFICOCEAN,0.5,0.5,Stratigraphic,21.83,-160.18,44.9988,1.49458,14.976,12.3452,11.5022,11.2901,0.191871,0.414038,2.56501,0.222167,0.0,,,32.4,,252.0,395.0,66.0,270.0,49.0,97.0,17.0,11.6,376.0,21.49,67.0,18.68,,0.13,260.0,13.73,26.36,3.46,15.01,3.71,1.27,3.92,0.59,3.53,0.69,1.87,0.27,1.67,0.26,1.76,1.07,,0.81,1.13,0.24,,,,,
4143,OIB,Niihau,Dixon_2008,samp.70NII-21,Niihau,Rejuvenated,VOLCANICROCK,BASALT,HAWAIIANISLANDS/NIIHAU/REJUVENATEDSTAGE/KIEKIEBASALT/PACIFICOCEAN,0.5,0.5,Stratigraphic,21.83,-160.18,46.7522,1.94507,14.4217,12.875,10.7936,9.6548,0.191483,0.423279,2.68077,0.26203,0.0,,,29.4,,261.0,394.0,57.0,223.0,100.0,98.0,20.0,8.2,364.0,25.11,82.0,17.47,,0.11,182.0,13.09,28.04,3.88,17.6,4.61,1.58,4.94,0.75,4.41,0.84,2.24,0.31,1.94,0.3,2.19,0.98,,0.98,0.86,0.2,0.703358,0.512957,18.142,15.442,37.736
4144,OIB,Niihau,Dixon_2008,samp.70NII-28,Niihau,Rejuvenated,VOLCANICROCK,BASALT,HAWAIIANISLANDS/NIIHAU/REJUVENATEDSTAGE/KIEKIEBASALT/PACIFICOCEAN,0.5,0.5,Stratigraphic,21.83,-160.18,46.337,1.29191,15.0689,12.11,10.4967,11.5666,0.181674,0.191767,2.57372,0.181674,0.0,,,29.1,,240.0,384.0,61.0,323.0,110.0,107.0,16.0,1.6,289.0,18.38,48.0,9.16,,0.01,118.0,7.0,14.79,2.03,9.49,2.71,0.96,3.12,0.51,3.06,0.62,1.74,0.25,1.59,0.25,1.32,0.51,,1.34,0.54,0.13,0.703373,0.513062,18.04,15.443,37.644
4145,OIB,Niihau,Dixon_2008,samp.70NII-29,Niihau,Rejuvenated,VOLCANICROCK,BASALT,HAWAIIANISLANDS/NIIHAU/REJUVENATEDSTAGE/KIEKIEBASALT/PACIFICOCEAN,0.5,0.5,Stratigraphic,21.83,-160.18,46.5755,1.30557,14.7256,12.0208,10.5559,11.6894,0.182173,0.212535,2.52005,0.212535,0.0,,,29.4,,244.0,389.0,62.0,312.0,95.0,104.0,17.0,1.9,293.0,18.65,48.0,8.99,,0.02,125.0,7.14,15.43,2.1,9.63,2.77,0.99,3.14,0.51,3.08,0.62,1.71,0.25,1.54,0.24,1.32,0.51,,0.71,0.51,0.08,,,,,
4146,OIB,Niihau,Dixon_2008,samp.OX-130,Niihau,Rejuvenated,VOLCANICROCK,BASALT,HAWAIIANISLANDS/NIIHAU/REJUVENATEDSTAGE/KIEKIEBASALT/PACIFICOCEAN,0.5,0.5,Stratigraphic,21.83,-160.18,46.0508,1.11136,15.3772,11.7376,10.7398,11.8815,0.181859,0.252582,2.49551,0.171756,0.0,,,32.9,,224.0,411.0,62.0,276.0,110.0,96.0,18.0,5.7,319.0,17.96,50.0,9.88,,0.05,129.0,8.34,17.08,2.31,10.21,2.68,0.97,3.04,0.48,2.92,0.6,1.65,0.24,1.51,0.24,1.29,0.57,,0.79,0.59,0.16,,,,,
4147,OIB,Niihau,Dixon_2008,samp.OX-121,Niihau,Rejuvenated,VOLCANICROCK,BASALT,HAWAIIANISLANDS/NIIHAU/REJUVENATEDSTAGE/KIEKIEBASALT/PACIFICOCEAN,0.5,0.5,Stratigraphic,21.83,-160.18,46.0915,1.16484,15.2232,11.7936,10.7045,11.7086,0.180751,0.281168,2.6711,0.180751,0.0,,,32.5,,232.0,414.0,63.0,380.0,100.0,94.0,16.0,4.1,312.0,17.74,48.0,9.47,,0.02,122.0,7.86,16.32,2.22,9.76,2.61,0.94,2.91,0.47,2.89,0.57,1.57,0.24,1.49,0.23,1.24,0.54,,0.77,0.53,0.27,0.70334,0.513087,18.079,15.457,37.743
4148,OIB,Niihau,Dixon_2008,samp.75NII-13,Niihau,Rejuvenated,VOLCANICROCK,BASALT,HAWAIIANISLANDS/NIIHAU/REJUVENATEDSTAGE/KIEKIEBASALT/PACIFICOCEAN,0.5,0.5,Stratigraphic,21.83,-160.18,47.0942,1.66403,16.2694,11.4554,11.5079,7.98937,0.180437,0.501215,3.01731,0.320778,0.0,,,31.2,,226.0,242.0,49.0,100.0,80.0,78.0,19.0,9.9,551.0,22.84,74.0,17.87,,0.12,275.0,15.78,32.48,4.2,18.19,4.36,1.51,4.51,0.68,3.96,0.76,2.0,0.29,1.78,0.28,1.89,0.99,,0.85,1.09,0.27,0.703343,0.513046,18.109,15.453,37.634
4980,OIB,Niihau,Cousens_2015,samp.T319-R4,Niihau,Rejuvenated,VOLCANICROCK,NOTGIVEN,HAWAIIANISLANDS/NIIHAU/REJUVENATEDSTAGE/KIEKIEBASALT/PACIFICOCEAN,1.3,1.0,Stratigraphic,22.0,-160.0,45.3321,2.74344,14.3704,11.4863,11.6069,8.10974,0.180886,1.56768,3.84886,0.753693,0.0,,,26.6,,258.0,251.0,,102.0,73.0,106.0,18.0,36.0,1111.0,28.94,231.0,53.83,,0.51,691.0,51.7,97.75,11.81,46.64,9.49,2.89,7.99,1.07,5.49,0.95,2.4,0.31,1.82,0.27,4.95,3.06,,2.95,3.62,1.04,,,,,
4986,OIB,Niihau,Cousens_2015,samp.T320-R12,Niihau,Rejuvenated,VOLCANICROCK,NOTGIVEN,HAWAIIANISLANDS/NIIHAU/REJUVENATEDSTAGE/KIEKIEBASALT/PACIFICOCEAN,1.3,1.0,Stratigraphic,22.0,-160.0,43.0144,2.58612,13.0518,12.6174,11.1324,12.1729,0.191939,1.35367,3.20234,0.676836,0.0,,,25.3,,288.0,423.0,,271.0,74.0,98.0,16.0,29.9,1002.0,21.28,138.0,41.03,,0.41,569.0,34.02,66.85,8.21,33.66,7.18,2.26,6.23,0.82,4.22,0.74,1.85,0.25,1.44,0.22,3.22,2.57,,2.44,2.93,0.71,0.703453,0.513047,18.12930843,15.49601194,37.85840338
5030,OIB,Kaula,Garcia_2016,samp.KA-31,Kaula,Rejuvenated,VOLCANICROCK,BASALT,HAWAIIANISLANDS/KAULA/PACIFICOCEAN,0.663,0.085,Ar-Ar,21.654,-160.544,41.4352,2.86214,12.1666,12.9223,10.9732,12.9757,0.232612,1.24397,3.78247,0.869766,0.0,0.53,7.81,23.1,12389.64345,293.0,477.0,67.0,360.0,76.5,118.0,17.0,29.9,1376.0,22.0,161.0,48.9,,,757.0,47.8,101.8,12.1,50.6,9.57,3.09,8.06,1.05,5.25,0.89,2.27,0.28,1.63,0.23,3.64,2.56,,3.75,4.88,1.33,,,,,
5033,OIB,Kaula,Garcia_2016,samp.300-05,Kaula,Rejuvenated,VOLCANICROCK,BASALT,HAWAIIANISLANDS/KAULA/DIVE300/PACIFICOCEAN,1.2,0.7,Stratigraphic,21.858,-160.795,46.7875,1.29738,14.7309,11.7473,10.7979,11.6969,0.204312,0.337115,2.79908,0.183881,0.0,-0.57,4.19,28.8,10452.21619,231.0,543.0,58.0,289.0,85.5,97.0,15.7,6.0,356.0,17.2,61.0,10.4,,,143.0,11.1,22.4,2.88,12.9,3.05,1.16,3.39,0.52,3.27,0.62,1.73,0.25,1.49,0.23,1.5,0.48,,0.72,0.85,0.24,,,,,
5040,OIB,Kaula,Garcia_2016,samp.300-26,Kaula,Rejuvenated,VOLCANICROCK,BASALT,HAWAIIANISLANDS/KAULA/DIVE300/PACIFICOCEAN,1.2,0.7,Stratigraphic,21.834,-160.741,46.4044,1.23677,15.2705,11.6067,11.1105,11.2536,0.204425,0.378186,2.72907,0.214646,0.0,-0.4,4.08,30.4,13370.87756,223.0,440.0,55.0,265.0,91.0,90.0,15.9,7.4,353.0,17.6,59.0,12.4,,,157.0,9.2,20.0,2.72,12.1,3.0,1.04,3.15,0.52,3.38,0.65,1.81,0.24,1.61,0.22,1.59,0.61,,0.51,0.64,0.18,,,,,
5042,OIB,Kaula,Garcia_2016,samp.300-29,Kaula,Rejuvenated,VOLCANICROCK,BASALT,HAWAIIANISLANDS/KAULA/DIVE300/PACIFICOCEAN,1.2,0.7,Stratigraphic,21.826,-160.73,46.3704,1.35373,15.8407,11.4719,11.7391,9.19327,0.20205,0.505124,2.93982,0.272767,0.0,0.11,4.76,32.0,15873.5526,237.0,320.0,50.0,186.0,89.2,92.0,16.0,9.2,461.0,18.5,63.0,14.8,,,216.0,15.1,30.2,3.59,15.5,3.45,1.24,3.76,0.54,3.41,0.71,1.84,0.26,1.72,0.26,1.5,0.64,,0.83,1.23,0.33,,,,,
5043,OIB,Kaula,Garcia_2016,samp.300-30,Kaula,Rejuvenated,VOLCANICROCK,BASALT,HAWAIIANISLANDS/KAULA/DIVE300/PACIFICOCEAN,1.2,0.7,Stratigraphic,21.84,-160.719,47.0898,1.32662,14.8865,11.4813,10.8762,10.6737,0.202537,0.465835,2.85577,0.19241,0.0,-0.05,4.4,28.6,15371.29316,221.0,499.0,54.0,262.0,86.2,99.0,16.1,9.2,340.0,17.0,66.0,13.1,,,167.0,,,2.73,12.4,3.02,1.08,3.46,0.49,3.18,0.63,1.82,0.25,1.44,0.23,1.61,0.59,,0.68,0.9,0.25,,,,,
5047,OIB,Kaula,Garcia_2016,samp.300-38,Kaula,Rejuvenated,VOLCANICROCK,BASALT_OLIVINE,HAWAIIANISLANDS/KAULA/DIVE300/PACIFICOCEAN,1.2,0.7,Stratigraphic,21.824,-160.682,44.1622,2.17306,13.2887,12.6871,8.76234,10.3446,0.731029,1.40197,3.89548,0.801128,0.0,1.75,8.04,19.8,16989.6615,221.0,350.0,,326.0,84.4,142.0,15.5,32.2,1107.0,28.3,205.0,49.4,,,648.0,61.9,144.9,13.8,58.9,11.2,3.22,9.75,1.29,7.58,1.36,3.66,0.47,3.06,0.42,4.13,2.49,,58.2,6.21,1.54,,,,,
5048,OIB,Kaula,Garcia_2016,samp.300-41,Kaula,Rejuvenated,VOLCANICROCK,BASALT,HAWAIIANISLANDS/KAULA/DIVE300/PACIFICOCEAN,1.2,0.7,Stratigraphic,21.822,-160.679,45.6513,1.58568,14.3115,11.9596,10.6351,11.5845,0.212097,0.66659,2.69666,0.302995,0.0,0.39,3.78,28.6,16483.80987,229.0,469.0,64.0,287.0,71.9,100.0,15.5,11.2,490.0,17.7,77.0,16.9,,,243.0,16.4,34.9,4.23,18.0,3.96,1.36,4.05,0.54,3.62,0.71,2.02,0.27,1.58,0.24,1.81,0.83,,2.76,1.34,0.35,,,,,
5052,OIB,Kaula,Garcia_2016,samp.300-47,Kaula,Rejuvenated,VOLCANICROCK,BASALT,HAWAIIANISLANDS/KAULA/DIVE300/PACIFICOCEAN,1.2,0.7,Stratigraphic,21.821,-160.659,46.277,1.8091,12.7537,10.9542,10.155,12.6137,0.239881,0.959524,2.88857,0.459772,0.0,0.89,4.0,23.9,15404.51523,190.0,516.0,90.0,269.0,52.8,110.0,14.9,14.2,643.0,20.1,129.0,29.4,,,440.0,31.4,64.9,7.21,31.0,6.35,1.94,5.89,0.81,4.51,0.81,2.27,0.27,1.63,0.24,2.78,1.4,,14.3,2.46,0.67,,,,,
5053,OIB,Kaula,Garcia_2016,samp.300-48,Kaula,Rejuvenated,VOLCANICROCK,BASALT,HAWAIIANISLANDS/KAULA/DIVE300/PACIFICOCEAN,1.2,0.7,Stratigraphic,21.821,-160.658,46.6186,1.85266,13.2304,11.1527,10.3608,11.5288,0.221514,0.976676,2.93003,0.473235,0.0,0.65,4.57,24.4,14698.21206,200.0,517.0,63.0,244.0,54.4,112.0,15.7,18.3,639.0,20.7,136.0,30.9,,,406.0,30.4,63.0,7.09,30.6,6.15,2.11,5.89,0.8,4.23,0.81,2.21,0.27,1.68,0.22,2.95,1.5,,6.4,2.41,0.62,,,,,
5054,OIB,Kaula,Garcia_2016,samp.304-01,Kaula,Rejuvenated,VOLCANICROCK,BASALT,HAWAIIANISLANDS/KAULA/DIVE304/PACIFICOCEAN,1.2,0.7,Stratigraphic,21.523,-160.433,44.9279,1.78461,14.0853,12.5742,10.2338,12.3612,0.272229,0.615036,2.50047,0.262146,0.0,0.38,3.39,29.2,10878.39518,226.0,508.0,72.0,326.0,64.6,103.0,14.9,9.8,446.0,18.1,75.0,15.9,,,220.0,15.2,34.9,3.99,17.9,4.01,1.35,4.17,0.6,3.61,0.7,1.98,0.26,1.88,0.27,1.75,0.68,,6.28,1.3,0.33,,,,,
5056,OIB,Kaula,Garcia_2016,samp.304-05,Kaula,Rejuvenated,VOLCANICROCK,BASALT_PLAGIOCLASE,HAWAIIANISLANDS/KAULA/DIVE304/PACIFICOCEAN,1.2,0.7,Stratigraphic,21.527,-160.429,45.8242,1.42667,14.6686,11.3455,10.6498,11.5138,0.200939,0.673147,2.95381,0.281315,0.0,0.46,4.5,28.2,8622.745204,222.0,491.0,55.0,263.0,72.5,100.0,15.5,12.5,472.0,17.7,82.0,19.1,,,260.0,17.3,44.5,4.18,17.7,3.78,1.3,3.89,0.59,3.58,0.66,1.77,0.24,1.58,0.23,1.8,0.84,,0.95,1.29,0.35,,,,,
5062,OIB,Kaula,Garcia_2016,samp.304-13,Kaula,Rejuvenated,VOLCANICROCK,BASALT_OLIVINE,HAWAIIANISLANDS/KAULA/DIVE304/PACIFICOCEAN,1.2,0.7,Stratigraphic,21.534,-160.426,45.3062,1.3278,14.475,11.2687,10.9544,12.5236,0.201182,0.593487,2.72602,0.311832,0.0,0.31,5.77,29.6,,221.0,570.0,59.0,340.0,75.0,94.0,14.7,10.3,491.0,17.1,75.0,17.5,,,243.0,17.1,32.3,4.04,17.5,3.67,1.26,3.7,0.57,3.35,0.65,1.85,0.25,1.56,0.23,1.67,0.78,,0.85,1.4,0.36,,,,,
5063,OIB,Kaula,Garcia_2016,samp.304-17,Kaula,Rejuvenated,VOLCANICROCK,BASALT_OLIVINE,HAWAIIANISLANDS/KAULA/DIVE304/PACIFICOCEAN,1.2,0.7,Stratigraphic,21.557,-160.44,47.4524,1.47536,15.8777,11.0267,10.729,8.29013,0.180657,0.822991,3.14142,0.34124,0.0,0.66,6.89,26.6,,227.0,289.0,45.0,116.0,54.4,100.0,17.2,13.3,581.0,19.1,99.0,21.7,,,327.0,21.6,42.7,5.19,21.1,4.22,1.47,4.28,0.61,3.75,0.71,2.05,0.27,1.69,0.23,2.07,1.06,,1.01,1.51,0.45,,,,,
5067,OIB,Kaula,Garcia_2016,samp.304-22,Kaula,Rejuvenated,VOLCANICROCK,BASALT,HAWAIIANISLANDS/KAULA/DIVE304/PACIFICOCEAN,1.2,0.7,Stratigraphic,21.565,-160.446,42.2247,2.57776,12.4339,12.6797,11.3017,12.2721,0.252721,1.42535,3.76049,0.748055,0.0,0.32,7.26,24.2,,262.0,352.0,63.0,261.0,57.2,116.0,15.9,31.5,1154.0,21.9,169.0,48.5,,,646.0,45.4,89.0,10.3,42.9,7.98,2.58,7.48,0.94,4.99,0.85,2.01,0.29,1.67,0.23,3.6,2.42,,4.95,4.58,1.12,,,,,
5071,OIB,Kaula,Garcia_2016,samp.304-26,Kaula,Rejuvenated,VOLCANICROCK,BASALT_OLIVINE,HAWAIIANISLANDS/KAULA/DIVE304/PACIFICOCEAN,0.652,0.215,Ar-Ar,21.567,-160.46,46.9153,1.73984,15.2764,11.1576,10.5999,8.78971,0.191081,1.13643,3.32882,0.351991,0.0,0.51,4.3,28.0,,232.0,360.0,47.0,159.0,63.5,98.0,17.6,23.8,542.0,18.4,93.0,22.9,,,353.0,21.3,41.0,4.98,20.7,4.19,1.48,4.26,0.6,3.74,0.69,1.89,0.25,1.64,0.23,2.13,1.14,,0.95,1.4,0.39,,,,,
5076,OIB,Kaula,Garcia_2016,samp.304-35,Kaula,Rejuvenated,VOLCANICROCK,BASALT_OLIVINE,HAWAIIANISLANDS/KAULA/DIVE304/PACIFICOCEAN,1.2,0.7,Stratigraphic,21.576,-160.469,46.4196,1.46171,14.5968,11.5359,10.4452,11.2674,0.213167,0.781611,2.87267,0.304524,0.0,0.1,4.55,26.8,,224.0,503.0,59.0,270.0,68.0,102.0,15.7,15.2,462.0,17.8,83.0,19.9,,,282.0,17.4,34.1,4.16,17.9,3.79,1.34,3.56,0.59,3.49,0.69,1.69,0.28,1.58,0.22,1.85,0.97,,1.65,1.3,0.36,,,,,
5079,OIB,Kaula,Garcia_2016,samp.304-38,Kaula,Rejuvenated,VOLCANICROCK,BASALT,HAWAIIANISLANDS/KAULA/DIVE304/PACIFICOCEAN,1.2,0.7,Stratigraphic,21.577,-160.476,45.8434,1.40964,14.2071,11.8776,10.2702,12.0423,0.291996,0.664543,2.79913,0.302065,0.0,0.29,5.42,26.6,,232.0,525.0,78.0,309.0,60.6,110.0,15.1,13.7,441.0,18.7,84.0,19.5,,,265.0,17.6,38.1,4.2,18.6,3.98,1.37,4.24,0.62,3.84,0.75,1.96,0.28,1.77,0.25,1.88,0.92,,8.03,1.39,0.38,,,,,
